날짜,조회수,댓글,게시글 URL,쪽지 수량,글 제목,작업자
2026-01-06,727,6,https://cafe.naver.com/feko/10269847,,올타이트리프팅 효과 유지기간 잘하는 곳 궁금해요,고서진 팀장
2026-01-09,147,9,https://cafe.naver.com/feko/10284168,2,요즘 핫한 올타이트리프팅 400샷 이벤트 가격,고서진 팀장
2026-01-14,23,1,https://cafe.naver.com/knife67/550319,,압구정 올타이트 리프팅 효과 궁금해요,고서진 팀장
2026-01-15,48,4,https://cafe.naver.com/feko/10303364,,올타이트리프팅 궁금한데....,고서진 팀장
2026-01-26,46,8,https://cafe.naver.com/feko/10342814,,압구정 리프팅 잘하는 피부과 찾아요,고서진 팀장
2026-01-30,2,1,https://cafe.naver.com/feko/10362043,,올타이트리프팅 해보신 분들 이정도면 효과 있는 편인가요?,고서진 팀장
2026-02-04,11,2,https://cafe.naver.com/feko/10379069,,소프웨이브 요즘 많이 보이던데 직접 받아보신 분 계세요?,고서진 팀장
2026-02-06,34,4,https://cafe.naver.com/feko/10388202,,소프웨이브 꼼꼼하게 잘해주는곳 추천해주세요!,고서진 팀장
2026-02-10,0,0,https://cafe.naver.com/knife67/570108,,,고서진 팀장
