날짜,글 제목,게시글 URL,조회수,댓글,쪽지 수량
2026-02-12,걱정했는데 무사히 출산 했어요,https://cafe.naver.com/geahwa73/665106,10,4,
2026-02-11,부분전치태반이라 제왕절개 했어요,https://cafe.naver.com/imsanbu/78161103,24,0,
2026-01-27,무사히 출산 했어요!,https://cafe.naver.com/imsanbu/78004536,68,2,
2025-12-24,봄빛병원에서 입체초음파 찍고 왔어요,https://cafe.naver.com/imsanbu/77682694,97,1,
2025-11-20,자연분만으로 방뺐어요ㅎㅎ,https://cafe.naver.com/chch6534/1245437,57,4,
2025-11-19,엄마로 태어난 날 (자연분만으로 아기 낳았어요),,,,
2025-11-17,38주차 자연분만 후기 (봄빛병원),https://cafe.naver.com/imsanbu/77321880,149,0,
2025-11-14,26주차~ 아기 보고 왔어요,https://cafe.naver.com/chch6534/1243863,87,3,
2025-11-14,초음파 보러 갈 때 마다 신기해요,https://cafe.naver.com/hig2/581940,9,1,
2025-10-16,,https://cafe.naver.com/imsanbu/77002307,0,0,
2025-10-16,우와 점점 사람?이 되어가는 중ㅎㅎ,https://cafe.naver.com/imsanbu/77002260,689,3,
