날짜,글 제목,게시글 URL,조회수,댓글,쪽지 수량,작업자
2025-09-01,봄빛병원 선생님,https://cafe.naver.com/geahwa73/651880,104,9,,김예지 매니저
2025-09-02,오랜만에 임신을 하니 괜히 새로운 느낌..ㅎㅎ,https://cafe.naver.com/allgirl/436798,30,2,,김예지 매니저
2025-09-02,쿼드 검사 무사히 완료!,https://cafe.naver.com/geahwa73/651931,55,8,,정예진 매니저
2025-09-04,담주에 쿼드검사 하러 가는데~,https://cafe.naver.com/imsanbu/76581715,203,1,,정예진 매니저
2025-09-04,근종 이력있는데 임신 했어요!,https://cafe.naver.com/geahwa73/652121,47,4,,김예지 매니저
2025-09-05,봄빛병원 연계 조리원까지 있는 곳 맞죠?,https://cafe.naver.com/geahwa73/652203,89,8,,김예지 매니저
2025-09-05,30주 다 되어가니까요!,https://cafe.naver.com/imsanbu/76589030,43,1,,정예진 매니저
2025-09-08,이사오고 나서 둘째가 생겼어요ㅋㅋ,https://cafe.naver.com/allgirl/436943,29,0,,김예지 매니저
2025-09-08,소아과도 다녀왔어요~~~,https://cafe.naver.com/geahwa73/652361,41,14,,정예진 매니저
2025-09-09,출산 어디서 하세요??,https://cafe.naver.com/chch6534/1223434,75,8,,김예지 매니저
2025-09-09,무통으로 출산 하신분 계시나요?,https://cafe.naver.com/allgirl/436961,39,3,,김예지 매니저
2025-09-10,오늘 정기검진 가는 날인데,https://cafe.naver.com/imsanbu/76644137,41,4,,정예진 매니저
2025-09-11,,https://cafe.naver.com/geahwa73/652655,0,0,,김예지 매니저
2025-09-11,출산병원이랑 조리원 선택,https://cafe.naver.com/hig2/580607,24,7,,김예지 매니저
2025-09-12,봄빛 선생님 추천,https://cafe.naver.com/geahwa73/652757,70,8,,김예지 매니저
2025-09-12,봄빛병원 후기 좋은 편인가요?,https://cafe.naver.com/allgirl/437089,158,4,,김예지 매니저
2025-09-12,봄빛 조리원 예정인데요~,https://cafe.naver.com/imsanbu/76671441,99,3,,정예진 매니저
2025-09-12,내일 정기검진 가요~,https://cafe.naver.com/geahwa73/652752,43,7,,정예진 매니저
2025-09-15,지금쯤 전원해도 될까요?,https://cafe.naver.com/imsanbu/76701224,284,3,,김예지 매니저
2025-09-15,범계역 근처에 있는 주차빌딩이요,https://cafe.naver.com/imsanbu/76701124,136,3,,김예지 매니저
2025-09-15,출산병원 진료 받으려고 하는데요,https://cafe.naver.com/allgirl/437149,46,2,,김예지 매니저
2025-09-16,이제 슬슬 전원 준비 하려고요,https://cafe.naver.com/geahwa73/653045,56,6,,김예지 매니저
2025-09-16,시흥에서 봄빛병원 다니려는데,https://cafe.naver.com/hig2/580725,8,3,,김예지 매니저
2025-09-16,봄빛 전원으로 전원했는데 넘 걱정 안해도 괜찮다구..,https://cafe.naver.com/imsanbu/76715369,160,1,,김예지 매니저
2025-09-17,,https://cafe.naver.com/allgirl/437219,0,0,,김예지 매니저
2025-09-17,둘째도 같은 선생님께ㅎㅎ,https://cafe.naver.com/imsanbu/76728699,64,1,,김예지 매니저
2025-09-17,첫 아이 임신했어요ㅎㅎ,https://cafe.naver.com/geahwa73/653140,68,16,,김예지 매니저
2025-09-18,8주차 정기검진 다녀왔어요,https://cafe.naver.com/imsanbu/76737681,332,4,,김예지 매니저
2025-09-18,,https://cafe.naver.com/imsanbu/76737589,0,0,,김예지 매니저
2025-09-18,둘째도 같은 선생님께 진료 받고 왔어요,https://cafe.naver.com/allgirl/437247,21,1,,김예지 매니저
2025-09-19,2차 기형아 검사 마치고 전원 하려고요,https://cafe.naver.com/allgirl/437295,25,2,,김예지 매니저
2025-09-19,자연분만 많이 아프죠...?,https://cafe.naver.com/hig2/580821,11,2,,김예지 매니저
2025-09-19,봄빛 조리원 2관 어떠셨어요?,https://cafe.naver.com/geahwa73/653321,42,7,,김예지 매니저
2025-09-22,쌍둥이 2차 기형아 검사 이상 없음!,https://cafe.naver.com/imsanbu/76782288,125,2,,김예지 매니저
2025-09-22,봄빛 정기 검진 다녀왔어요,https://cafe.naver.com/imsanbu/76782124,81,2,,김예지 매니저
2025-09-22,동생이 결혼하면서 안양으로 이사 갔거든요,https://cafe.naver.com/imsanbu/76781809,235,3,,김예지 매니저
2025-09-23,아기가 정말 쑥쑥 크네요,https://cafe.naver.com/imsanbu/76794331,687,2,,김예지 매니저
2025-09-23,,https://cafe.naver.com/imsanbu/76794191,0,0,,김예지 매니저
2025-09-23,아기 성별 확정 됐어요ㅎㅎ,https://cafe.naver.com/allgirl/437399,44,0,,김예지 매니저
2025-09-24,아기 심장 소리 너무 듣기 좋아요,https://cafe.naver.com/allgirl/437440,23,0,,김예지 매니저
2025-09-24,정밀 초음파 검사 받고 왔어요,https://cafe.naver.com/geahwa73/653695,92,5,,김예지 매니저
2025-09-24,9주차 초진 받고 왔어요,https://cafe.naver.com/imsanbu/76806827,122,2,,김예지 매니저
2025-09-25,난임병원 졸업 앞두고 있어요ㅠㅠ,https://cafe.naver.com/imsanbu/76818650,124,3,,김예지 매니저
2025-09-25,임신 10주차가 됐거든요,https://cafe.naver.com/geahwa73/653770,43,7,,김예지 매니저
2025-09-25,봄빛병원 선생님 추천,https://cafe.naver.com/hig2/580953,25,5,,김예지 매니저
2025-09-26,원장님이 많이 계셔서 선택을 못하겠네요,https://cafe.naver.com/geahwa73/653828,105,8,,김예지 매니저
2025-09-29,산모수첩 받으니 임신이 실감 나요,https://cafe.naver.com/hig2/581033,15,2,,김예지 매니저
2025-09-29,첫째랑 둘째는 또 다른 느낌이네요,https://cafe.naver.com/chch6534/1229921,24,0,,김예지 매니저
2025-09-29,임신 8주 검진 다녀왔거든요,https://cafe.naver.com/geahwa73/654027,37,5,,김예지 매니저
2025-09-30,지금 부분전치태반 소견이 있거든요,https://cafe.naver.com/geahwa73/654105,73,3,,김예지 매니저
2025-10-01,시흥에서 안양 다닐만은 하네요ㅎㅎ,https://cafe.naver.com/imsanbu/76878734,68,1,,김예지 매니저
2025-10-01,난임 병원 졸업하고 출산병원 가려고 하는데요,https://cafe.naver.com/hig2/581074,11,2,,김예지 매니저
2025-10-02,둥이 임신해보신 맘님 계신가요?,https://cafe.naver.com/geahwa73/654241,33,7,,김예지 매니저
2025-10-02,출산병원 진료 받고 왔어요,https://cafe.naver.com/chch6534/1231029,25,0,,김예지 매니저
2025-10-10,봄빛 선생님 추천 해주세요,https://cafe.naver.com/imsanbu/76941258,162,5,,김예지 매니저
2025-10-10,다음주에 2차 정밀검사 있어요,https://cafe.naver.com/imsanbu/76941229,185,1,,김예지 매니저
2025-10-13,입덧약 먹기 시작했어요,https://cafe.naver.com/hig2/581201,8,1,,김예지 매니저
2025-10-13,임당검사 예약 하고 왔어요,https://cafe.naver.com/imsanbu/76968769,80,1,,김예지 매니저
2025-10-13,봄빛병원 다니시는 분 계실까요?,https://cafe.naver.com/geahwa73/654776,55,7,,김예지 매니저
2025-10-14,2차 기형아 검사 완료했어요,https://cafe.naver.com/imsanbu/76980067,120,1,,김예지 매니저
2025-10-14,둘째 임신 했어요ㅎㅎ 출산 같은 곳에서 하려구요,https://cafe.naver.com/hig2/581256,12,1,,김예지 매니저
2025-10-14,정밀 초음파 검사하고 왔어요><,https://cafe.naver.com/chch6534/1234532,74,2,,김예지 매니저
2025-10-15,입덧이 첫째때랑 둘째 때랑 다르네요,https://cafe.naver.com/imsanbu/76991553,311,6,,김예지 매니저
2025-10-15,정밀 초음파 검사 받고 친정에서 하루 자고 가려구요ㅎㅎ,https://cafe.naver.com/geahwa73/654969,27,5,,김예지 매니저
2025-10-15,봄빛병원 출산 해보셨거나 다니시는 분 계시나요??,https://cafe.naver.com/hig2/581280,14,4,,김예지 매니저
2025-10-16,조리원 언제 예약하는거에요?,https://cafe.naver.com/hig2/581299,16,4,,김예지 매니저
2025-10-17,검진 받고 조리원도 둘러보고 왔어요,https://cafe.naver.com/imsanbu/77012252,27,0,,김예지 매니저
2025-10-17,이제 사람 티가 나고 있네요ㅎㅎㅎ,https://cafe.naver.com/chch6534/1235367,121,7,,김예지 매니저
2025-10-17,초음파 보고 왔는데 너무 신기해요,https://cafe.naver.com/geahwa73/655182,42,6,,김예지 매니저
2025-10-20,아이가 무럭무럭 크고 있어요ㅎㅎ,https://cafe.naver.com/hig2/581371,6,2,,김예지 매니저
2025-10-20,봄빛병원 성별 알려주는 시기 궁금해요...,https://cafe.naver.com/imsanbu/77038768,213,5,,김예지 매니저
2025-10-20,조리원도 예약 했어요,https://cafe.naver.com/geahwa73/655353,41,7,,김예지 매니저
2025-10-21,출산병원으로 전원 했어요~,https://cafe.naver.com/hig2/581393,12,0,,김예지 매니저
2025-10-21,아랫배가 살짝 뭉치는 느낌??,https://cafe.naver.com/imsanbu/77049813,138,0,,김예지 매니저
2025-10-21,아이 성별 언제쯤 아셨어요?,https://cafe.naver.com/geahwa73/655443,49,7,,김예지 매니저
2025-10-22,2차 기형아 검사까지 마치고 전원했어요,https://cafe.naver.com/geahwa73/655538,74,5,,김예지 매니저
2025-10-22,,https://cafe.naver.com/hig2/581405,0,0,,김예지 매니저
2025-10-22,쌍둥이 21주 배가 무섭게 나오는 중,https://cafe.naver.com/imsanbu/77061182,265,2,,김예지 매니저
2025-10-23,입체 초음파 궁금증!,https://cafe.naver.com/hig2/581433,6,1,,김예지 매니저
2025-10-23,쌍둥이들 무럭무럭 크는 중,https://cafe.naver.com/geahwa73/655638,33,7,,김예지 매니저
2025-10-23,저도 아기도 건강하게 임신 기간을 보내는 중이에요,https://cafe.naver.com/imsanbu/77072137,63,0,,김예지 매니저
2025-10-24,임신 중에 부분전치태반이셨던분 계시나요?,https://cafe.naver.com/hig2/581463,10,0,,김예지 매니저
2025-10-24,아이 만날 날이 점점 다가오고 있어요,https://cafe.naver.com/chch6534/1237610,28,0,,김예지 매니저
2025-10-24,입체 초음파 때 초코 우유 먹으라고 하잖아요,https://cafe.naver.com/geahwa73/655724,94,6,,김예지 매니저
2025-10-27,첫째 제왕으로 해서 둘째도 제왕 생각하고 있거든요,https://cafe.naver.com/hig2/581517,12,3,,김예지 매니저
2025-10-27,임당 검사 통과에요!,https://cafe.naver.com/imsanbu/77109336,42,0,,김예지 매니저
2025-10-27,이제 언제 진통와도 이상한 주수 아니죠?,https://cafe.naver.com/imsanbu/77109254,646,3,,김예지 매니저
2025-10-28,임당검사 통과하고 다시 입 터졌어요ㅎㅎ,https://cafe.naver.com/chch6534/1238808,26,1,,김예지 매니저
2025-10-28,안양에선 어디서 육아용품 쇼핑해요?,https://cafe.naver.com/imsanbu/77120940,173,2,,김예지 매니저
2025-10-28,1차 기형아 검사 받았어요,https://cafe.naver.com/imsanbu/77120908,67,0,,김예지 매니저
2025-10-29,조리원은 왜 연계로 가야 편하다고 하는거에요?,https://cafe.naver.com/imsanbu/77132292,227,5,,김예지 매니저
2025-10-29,전원하고 조리원 계약하고ㅎㅎ,https://cafe.naver.com/imsanbu/77132027,37,0,,김예지 매니저
2025-10-29,,https://cafe.naver.com/geahwa73/656109,0,0,,김예지 매니저
2025-10-30,정신 없을까봐 걱정 했는데ㅋㅋ,https://cafe.naver.com/hig2/581567,11,2,,김예지 매니저
2025-10-30,조리원 알아볼 때 특별히 고려해야 하는게 있을까요?,https://cafe.naver.com/geahwa73/656163,41,8,,김예지 매니저
2025-10-31,,https://cafe.naver.com/geahwa73/656289,0,0,,김예지 매니저
2025-10-31,봄빛병원 초음파 사진 요청하면 추가로 더 주시나요?,https://cafe.naver.com/imsanbu/77153557,121,1,,김예지 매니저
2025-10-31,조리원 출산연계? 사설?,https://cafe.naver.com/hig2/581616,22,4,,김예지 매니저
2025-11-03,임신 언제 주변에 알리셨어요??,https://cafe.naver.com/geahwa73/656451,62,5,,김예지 매니저
2025-11-03,봄빛 병원 쌍둥이 선생님 추천 부탁드려요,https://cafe.naver.com/imsanbu/77180418,139,3,,김예지 매니저
2025-11-04,봄빛 산전관리 받아본 맘님 계세요?,https://cafe.naver.com/imsanbu/77192532,80,6,,김예지 매니저
2025-11-04,입체 초음파 미리 예약했어요,https://cafe.naver.com/imsanbu/77192299,60,2,,김예지 매니저
2025-11-04,출산이 얼마 안남았어요,https://cafe.naver.com/geahwa73/656539,27,10,,김예지 매니저
2025-11-05,봄빛 쌍둥이 진료 보시는 선생님,https://cafe.naver.com/geahwa73/656633,40,4,,김예지 매니저
2025-11-05,이제 가족들한테 알려도 될까요?,https://cafe.naver.com/hig2/581711,17,2,,김예지 매니저
2025-11-05,,https://cafe.naver.com/imsanbu/77203648,0,0,,김예지 매니저
2025-11-06,쌍둥이라 큰 병원 가야 할것 같아요,https://cafe.naver.com/hig2/581749,16,3,,김예지 매니저
2025-11-06,가재 손수건은 얼마나 사야 하나요?,https://cafe.naver.com/geahwa73/656730,32,8,,김예지 매니저
2025-11-07,입덧 끝나니까 자꾸 빵이 땡겨요ㅠ 다들 간식 뭐 드시나요?,https://cafe.naver.com/imsanbu/77224645,127,2,,김예지 매니저
2025-11-07,태동 일찍 느끼신 분 계세요??,https://cafe.naver.com/geahwa73/656796,36,5,,김예지 매니저
2025-11-10,임신하고 체중이 많이 늘었어요,https://cafe.naver.com/imsanbu/77252724,63,0,,김예지 매니저
2025-11-10,예약한 산후조리원에서 마사지 받고 왔어요,https://cafe.naver.com/chch6534/1242681,22,2,,김예지 매니저
2025-11-11,다다음주에 입체 초음파 찍으려고요,https://cafe.naver.com/geahwa73/657075,22,5,,김예지 매니저
2025-11-11,둘째 임신 중 첫째와 어떻게 놀아주시나요?,https://cafe.naver.com/imsanbu/77264229,414,6,,김예지 매니저
2025-11-12,분비물에 피가 섞여 나와요,https://cafe.naver.com/imsanbu/77275120,337,1,,김예지 매니저
2025-11-12,먹덧은 덜 힘들줄 알았는데 이것도 힘드네요ㅎㅎ,https://cafe.naver.com/chch6534/1243309,16,0,,김예지 매니저
2025-11-12,둘째 임신은 수월할 줄 알았는데..ㅎㅎㅎ,https://cafe.naver.com/geahwa73/657167,27,4,,김예지 매니저
2025-11-14,지금은 먹덧 때문에 힘들어요ㅎㅎㅎㅎ,https://cafe.naver.com/geahwa73/657387,26,4,,김예지 매니저
2025-11-17,배가 나오기 시작한 것 같아요,https://cafe.naver.com/imsanbu/77321783,38,0,,김예지 매니저
2025-11-18,아기가 이번엔 얼굴을 정면으로 보여줬어요,https://cafe.naver.com/geahwa73/657649,28,6,,김예지 매니저
2025-11-18,이제 임신부 티가 나는것 같아요,https://cafe.naver.com/hig2/582046,9,1,,김예지 매니저
2025-11-18,부분전치태반인데 출혈이 있어서 급하게 병원 다녀왔어요ㅠ,https://cafe.naver.com/imsanbu/77333141,261,1,,김예지 매니저
2025-11-19,이슈가 있어서 급하게 봄빛병원 진료 받고 왔어요,https://cafe.naver.com/hig2/582064,5,0,,김예지 매니저
2025-11-20,딸인거 알고 난 뒤로 남편이 자꾸 옷을 사와요ㅎㅎ,https://cafe.naver.com/hig2/582114,9,3,,김예지 매니저
2025-11-20,배가 나오기 시작하니까 훅 불러오네요,https://cafe.naver.com/imsanbu/77354645,49,0,,김예지 매니저
2025-11-21,배가 한번씩 뭉칠 때가 있거든요,https://cafe.naver.com/geahwa73/657934,28,4,,김예지 매니저
2025-11-21,20주 정밀 초음파 보고 왔어요,https://cafe.naver.com/imsanbu/77365006,608,1,,김예지 매니저
2025-11-21,,https://cafe.naver.com/hig2/582146,0,0,,김예지 매니저
2025-11-24,이제 주변에도 임신 사실 알리고 있어요,https://cafe.naver.com/hig2/582184,7,1,,김예지 매니저
2025-11-24,조리원 고민하다가 결정했어요,https://cafe.naver.com/geahwa73/658152,29,3,,김예지 매니저
2025-11-24,대병 차트 없이 둥이 진료 받고 있어요,https://cafe.naver.com/imsanbu/77393152,105,1,,김예지 매니저
2025-11-25,산전 마사지 받고 왔어요,https://cafe.naver.com/hig2/582230,10,2,,김예지 매니저
2025-11-25,시험관으로 아이 가져서 이제서야 주변에 이야기 하고 있거든요,https://cafe.naver.com/geahwa73/658271,42,5,,김예지 매니저
2025-11-25,안정기 돌입 입덧도 많이 좋아졌어요,https://cafe.naver.com/imsanbu/77404456,30,2,,김예지 매니저
2025-11-26,종아리 뭉쳐서 산전 마사지 받고 왔거든요,https://cafe.naver.com/geahwa73/658380,30,3,,김예지 매니저
2025-11-26,전 이제서야 주변에 임신 소식 알리고 있어요,https://cafe.naver.com/imsanbu/77415882,639,4,,김예지 매니저
2025-11-26,이젠 음식 냄새 맡아도 괜찮아요,https://cafe.naver.com/hig2/582269,11,3,,김예지 매니저
2025-11-27,안정기오면 괜찮아질까 했는데 항상 안절부절,https://cafe.naver.com/hig2/582295,10,1,,김예지 매니저
2025-11-27,30주가 다가오니 점점 출산 고민을 시작하게 되네요,https://cafe.naver.com/imsanbu/77427001,457,4,,김예지 매니저
2025-11-27,출산하는 병원에 소아과 선생님 계시는거 중요하죠?,https://cafe.naver.com/imsanbu/77426954,132,3,,김예지 매니저
2025-11-28,쌍둥이라 대병 차트를 만들어둘까 하는데,https://cafe.naver.com/hig2/582324,8,0,,김예지 매니저
2025-11-28,출산병원 정할 때 궁금한 점이요,https://cafe.naver.com/geahwa73/658559,44,5,,김예지 매니저
2025-11-28,쌍둥이라 배가 정말 많이 나오네요,https://cafe.naver.com/allgirl/439501,18,3,,김예지 매니저
2025-12-01,중요한 검진 앞두면 항상 긴장이 돼요,https://cafe.naver.com/imsanbu/77462556,233,3,,김예지 매니저
2025-12-01,이미 살이 텄어도 꾸준히 발라줘야겠죠?,https://cafe.naver.com/hig2/582369,10,1,,김예지 매니저
2025-12-01,출산방법은 언제쯤 정해요?,https://cafe.naver.com/geahwa73/658762,19,4,,김예지 매니저
2025-12-02,배가 한번씩 뭉쳐서 진료 받고 왔어요,https://cafe.naver.com/imsanbu/77473074,239,0,,김예지 매니저
2025-12-02,대학병원 진료는 한번쯤 받아야 하는지 고민이네요,https://cafe.naver.com/geahwa73/658889,32,2,,김예지 매니저
2025-12-02,출산병원 어떻게 정하는게 좋을까요?,https://cafe.naver.com/hig2/582408,30,5,,김예지 매니저
2025-12-03,급하게 산부인과 다녀오길 잘한것 같아요,https://cafe.naver.com/hig2/582462,16,2,,김예지 매니저
2025-12-04,이제 출산용품 슬슬 준비해야겠죠?,https://cafe.naver.com/imsanbu/77494206,545,6,,김예지 매니저
2025-12-04,입체초음파 진짜 신기하네요ㅎㅎ,https://cafe.naver.com/imsanbu/77494122,67,0,,김예지 매니저
2025-12-04,,https://cafe.naver.com/imsanbu/77494027,0,0,,김예지 매니저
2025-12-05,아기 물건 이제 준비해야겠어요><,https://cafe.naver.com/hig2/582528,8,0,,김예지 매니저
2025-12-05,입덧이 줄어들길 기다리고 있는데...,https://cafe.naver.com/geahwa73/659209,17,4,,김예지 매니저
2025-12-08,임신 전보다 +4kgㅠㅠㅠ,https://cafe.naver.com/geahwa73/659407,19,3,,김예지 매니저
2025-12-08,20주 되니까 태동이 확실하네요,https://cafe.naver.com/imsanbu/77527821,485,5,,김예지 매니저
2025-12-08,입덧이 정말 힘든거네요ㅠㅠ,https://cafe.naver.com/hig2/582561,10,2,,김예지 매니저
2025-12-10,봄빛병원 선생님 추천 부탁드려요,https://cafe.naver.com/imsanbu/77549162,257,5,,김예지 매니저
2025-12-10,봄빛 병원 다니시는 분들께 궁금한 점,https://cafe.naver.com/geahwa73/659662,55,6,,김예지 매니저
2025-12-11,태교 특별히 하시는거 있나요?,https://cafe.naver.com/imsanbu/77559507,674,12,,김예지 매니저
2025-12-11,2차 기형아 검사까지 하니까,https://cafe.naver.com/geahwa73/659766,23,4,,김예지 매니저
2025-12-11,시흥에 분만병원이 없어서요,https://cafe.naver.com/hig2/582684,9,3,,김예지 매니저
2025-12-12,태교는 엄마가 좋아하는걸 하는게 맞나요?,https://cafe.naver.com/geahwa73/659831,19,5,,김예지 매니저
2025-12-15,태동이 확실해졌어요 신기해요ㅋㅋ,https://cafe.naver.com/geahwa73/660060,14,5,,김예지 매니저
2025-12-15,이제 이 방도 졸업을 앞두고 있네요,https://cafe.naver.com/imsanbu/77595439,205,2,,김예지 매니저
2025-12-15,이제부터 태교 신경써볼려고요,https://cafe.naver.com/hig2/582763,10,3,,김예지 매니저
2025-12-16,1차 기형아 검사 보고 왔어요,https://cafe.naver.com/imsanbu/77606583,96,1,,김예지 매니저
2025-12-16,,https://cafe.naver.com/hig2/582789,0,0,,김예지 매니저
2025-12-16,30주 넘어가니까 출산이 확 다가온 느낌이에요,https://cafe.naver.com/geahwa73/660171,15,5,,김예지 매니저
2025-12-17,점점 아기 만날 날이 가까워 오고 있어요,https://cafe.naver.com/hig2/582823,7,2,,김예지 매니저
2025-12-17,임신으로 봄빛 병원 다니시는 분 계신지..??,https://cafe.naver.com/geahwa73/660272,33,6,,김예지 매니저
2025-12-17,봄빛병원 서동기 선생님 아직 계신가요?,https://cafe.naver.com/imsanbu/77617606,293,4,,김예지 매니저
2025-12-18,입체초음파 성공하고 왔으면 좋겠네요~,https://cafe.naver.com/imsanbu/77628619,25,1,,김예지 매니저
2025-12-18,분만관련 질문! 선생님 추천 받아보고 싶어요,https://cafe.naver.com/hig2/582856,15,3,,김예지 매니저
2025-12-19,쌍둥이라 살이 많이 텄는데요,https://cafe.naver.com/geahwa73/660468,21,5,,김예지 매니저
2025-12-19,몇 주 사이에 아기가 많이 컸어요,https://cafe.naver.com/imsanbu/77638906,54,0,,김예지 매니저
2025-12-19,입초 예약 했는데 아이가 얼굴 보여줄런지ㅎㅎ,https://cafe.naver.com/geahwa73/660430,15,4,,김예지 매니저
2025-12-22,초음파 다시 보고 나서야 실감 난 임신,https://cafe.naver.com/geahwa73/660705,28,8,,김예지 매니저
2025-12-22,저 같은 분 계실까요?,https://cafe.naver.com/imsanbu/77663097,545,3,,김예지 매니저
2025-12-23,분비물 때문에 걱정 했는데 이상 없다네요,https://cafe.naver.com/imsanbu/77674041,346,3,,김예지 매니저
2025-12-23,입체 초음파 찍으러 가요,https://cafe.naver.com/hig2/582951,11,2,,김예지 매니저
2025-12-23,임신 31주차 배뭉침이요,https://cafe.naver.com/geahwa73/660804,25,4,,김예지 매니저
2025-12-24,,https://cafe.naver.com/geahwa73/660893,0,0,,김예지 매니저
2025-12-26,드디어 임신이에요ㅠㅠㅠ,https://cafe.naver.com/imsanbu/77694944,696,5,,김예지 매니저
2025-12-29,아기가 쑥쑥 크고 있어요,https://cafe.naver.com/hig2/583047,8,2,,김예지 매니저
2025-12-29,조리원 언제 예약 하세요??,https://cafe.naver.com/imsanbu/77724136,513,15,,김예지 매니저
2025-12-29,봄빛병원 출산 많이 하는 곳 맞나요?,https://cafe.naver.com/geahwa73/661213,50,9,,김예지 매니저
2025-12-30,임테기 2줄 확인하자마자 가입했어요~!,https://cafe.naver.com/imsanbu/77734839,21,1,,김예지 매니저
2025-12-30,8주차면 조리원 예약 해야겠죠?,https://cafe.naver.com/geahwa73/661326,15,5,,김예지 매니저
2025-12-30,봄빛 병원 원장님 추천 받아볼 수 있나요?,https://cafe.naver.com/hig2/583083,7,3,,김예지 매니저
2025-12-31,임신 확인 봄빛병원에서 해도 되죠?,https://cafe.naver.com/geahwa73/661397,36,6,,김예지 매니저
2026-01-02,시흥에 출산 병원이 없어서 타지역으로 가려는데,https://cafe.naver.com/hig2/583153,12,2,,김예지 매니저
2026-01-02,언니 추천으로 서동기 과장님 진료 받고 왔어요,https://cafe.naver.com/imsanbu/77759300,53,1,,김예지 매니저
2026-01-05,조리원까지 예약 완료 했어요,https://cafe.naver.com/hig2/583202,5,1,,김예지 매니저
2026-01-05,,https://cafe.naver.com/geahwa73/661759,0,0,,김예지 매니저
2026-01-06,브이백이 많이 위험한건가요?,https://cafe.naver.com/imsanbu/77795682,69,5,,김예지 매니저
2026-01-06,회음부 열상감소주사 하셨어요??,https://cafe.naver.com/imsanbu/77795567,243,5,,김예지 매니저
2026-01-07,봄빛 여자 선생님들이요,https://cafe.naver.com/imsanbu/77806385,71,3,,김예지 매니저
2026-01-07,출산할 때 결정할게 은근 많으네요,https://cafe.naver.com/geahwa73/661988,9,1,,김예지 매니저
2026-01-08,점점 힘들어지는 첫째 케어ㅠㅠㅎㅎ,https://cafe.naver.com/imsanbu/77816416,133,1,,김예지 매니저
2026-01-08,출산이 코 앞으로 다가오고 있거든요,https://cafe.naver.com/hig2/583282,0,0,,김예지 매니저
2026-01-08,봄빛병원 무통 잘해주나요?,https://cafe.naver.com/geahwa73/662105,17,3,,김예지 매니저
2026-01-09,봄빛에서 쌍둥이 진료 보시는 선생님,https://cafe.naver.com/imsanbu/77825837,52,1,,김예지 매니저
2026-01-09,뱃속에 있어도 힘든데 나오면 얼마나 힘들지ㅠㅠㅎㅎ,https://cafe.naver.com/geahwa73/662200,20,6,,김예지 매니저
2026-01-09,출산할 때 무통 잘 놔주면 편하다는데,https://cafe.naver.com/hig2/583307,10,3,,김예지 매니저
2026-01-12,쌍둥이라 당황스럽지만ㅎㅎㅎ,https://cafe.naver.com/geahwa73/662421,21,4,,김예지 매니저
2026-01-13,조리원 빠르게 예약 했어요,https://cafe.naver.com/imsanbu/77862329,133,1,,김예지 매니저
2026-01-13,아기 심장 소리 듣고 왔어요,https://cafe.naver.com/imsanbu/77862008,28,0,,김예지 매니저
2026-01-13,쌍둥이 출산 가능한 분만 병원이요,https://cafe.naver.com/hig2/583374,2,1,,김예지 매니저
2026-01-14,입체초음파 찍으려고 예약했어요,https://cafe.naver.com/hig2/583415,2,1,,김예지 매니저
2026-01-14,연계 조리원 많이 가는 이유가 뭐에요?,https://cafe.naver.com/imsanbu/77873110,93,4,,김예지 매니저
2026-01-14,힘든 시기 보내고 찾아온 아이라,https://cafe.naver.com/geahwa73/662663,32,5,,김예지 매니저
2026-01-15,벌써 이 방을 졸업하는 날이 오다니..,https://cafe.naver.com/imsanbu/77884248,131,1,,김예지 매니저
2026-01-15,아기 심장소리 들으니 기분이 또 다르네요,https://cafe.naver.com/hig2/583438,0,0,,김예지 매니저
2026-01-16,힘들었던 입덧이 끝이 보이네요,https://cafe.naver.com/geahwa73/662871,7,2,,김예지 매니저
2026-01-16,출산병원 정할때요,https://cafe.naver.com/imsanbu/77895323,82,3,,김예지 매니저
2026-01-19,입초 예약했는데 너무 궁금해요,https://cafe.naver.com/imsanbu/77922593,13,0,,김예지 매니저
2026-01-19,입덧에서 드디어 해방될 것 같아요,https://cafe.naver.com/hig2/583495,0,0,,김예지 매니저
2026-01-19,출산으로 봄빛 어때요?,https://cafe.naver.com/geahwa73/663069,11,3,,김예지 매니저
2026-01-20,아기 얼굴이 궁금해서 입초 예약했어요,https://cafe.naver.com/geahwa73/663168,14,3,,김예지 매니저
2026-01-20,출산 병원 고민 중에 있어요,https://cafe.naver.com/hig2/583524,11,4,,김예지 매니저
2026-01-20,입덧 때문에 뭘 먹기가 힘들어요ㅠㅠ,https://cafe.naver.com/imsanbu/77933704,164,5,,김예지 매니저
2026-01-21,소양증 시작일까요??,https://cafe.naver.com/imsanbu/77945094,118,5,,김예지 매니저
2026-01-21,입초 잘 찍히는건 순전히 아이 마음인거죠?,https://cafe.naver.com/hig2/583559,1,0,,김예지 매니저
2026-01-21,임신 중에 입덧약 먹어보신분 계실까요?,https://cafe.naver.com/geahwa73/663273,5,3,,김예지 매니저
2026-01-22,임신 소양증일까봐 걱정이 되네요,https://cafe.naver.com/hig2/583598,1,0,,김예지 매니저
2026-01-22,아직 임신 초기라 얼떨떨 하네요ㅎㅎ,https://cafe.naver.com/geahwa73/663363,19,5,,김예지 매니저
2026-01-22,조리원은 일찍 예약하는게 좋다더라고요?,https://cafe.naver.com/imsanbu/77955598,61,3,,김예지 매니저
2026-01-26,입덧약 먹는걸 고민 중에 있어요,https://cafe.naver.com/hig2/583662,1,0,,김예지 매니저
2026-01-26,봄빛 연계 조리원 1관이랑 2관 있잖아요,https://cafe.naver.com/geahwa73/663616,14,3,,김예지 매니저
2026-01-26,안양에 봄빛병원이요,https://cafe.naver.com/imsanbu/77992345,85,3,,김예지 매니저
2026-01-27,소양증 관리 잘하면 출산때까지 괜찮을까요?,https://cafe.naver.com/geahwa73/663700,7,3,,김예지 매니저
2026-01-27,출산할 곳이 벌써부터 걱정..,https://cafe.naver.com/hig2/583683,7,3,,김예지 매니저
2026-01-28,출산이 얼마 남지 않은것 같은 느낌,https://cafe.naver.com/imsanbu/78016864,276,1,,김예지 매니저
2026-01-28,아기 건강하게 태어났어요~!,https://cafe.naver.com/geahwa73/663813,19,9,,김예지 매니저
2026-01-28,출산-산후조리 어디서 하셨어요?,https://cafe.naver.com/imsanbu/78016734,36,2,,김예지 매니저
2026-01-29,봄빛에서 출산하신 분들 조리원은 어디 가셨나요?,https://cafe.naver.com/geahwa73/663914,18,6,,김예지 매니저
2026-01-29,이거 출산 전 증상 맞죠??,https://cafe.naver.com/hig2/583747,2,0,,김예지 매니저
2026-01-29,까먹고 출산가방을 안 챙기고 있었어요,https://cafe.naver.com/imsanbu/78028285,399,4,,김예지 매니저
2026-01-30,어느새 막달까지 왔어요!,https://cafe.naver.com/geahwa73/664002,16,3,,김예지 매니저
2026-02-02,입체초음파 미리 예약해뒀어요,https://cafe.naver.com/imsanbu/78067891,70,0,,김예지 매니저
2026-02-02,출산 임박한 것 같아요,https://cafe.naver.com/geahwa73/664207,12,3,,김예지 매니저
2026-02-02,출산을 어디서 하면 좋을지..,https://cafe.naver.com/hig2/583810,6,2,,김예지 매니저
2026-02-03,입초로 아기 얼굴 볼 수 있었으면 좋겠어요,https://cafe.naver.com/geahwa73/664285,4,1,,김예지 매니저
2026-02-03,다음주에 1차 기형아 검사 받아요,https://cafe.naver.com/imsanbu/78079480,0,0,,김예지 매니저
2026-02-04,입초 예약했는데 벌써 떨려요,https://cafe.naver.com/hig2/583862,3,0,,김예지 매니저
2026-02-04,드디어 자연임신 성공😊,https://cafe.naver.com/imsanbu/78091533,76,3,,김예지 매니저
2026-02-04,1차 기형아 검사 오래 걸리나요?,https://cafe.naver.com/geahwa73/664375,8,2,,김예지 매니저
2026-02-05,검사 앞두고 있으니까 괜히 떨리네요,https://cafe.naver.com/hig2/583892,6,3,,김예지 매니저
2026-02-05,조리원은 빨리 예약해야 한다고 해서,https://cafe.naver.com/imsanbu/78102885,226,0,,김예지 매니저
2026-02-05,임테기 보고 산부인과는 언제 가야해요?,https://cafe.naver.com/geahwa73/664479,40,4,,김예지 매니저
2026-02-06,조금은 편해진 12주차ㅎㅎ,https://cafe.naver.com/imsanbu/78109276,206,5,,김예지 매니저
2026-02-06,조리원 후기 많이 찾아보고 결정해야 하나요?,https://cafe.naver.com/geahwa73/664522,11,5,,김예지 매니저
2026-02-06,임신인것 같은데 산부인과는 언제부터 가나요??,https://cafe.naver.com/hig2/583904,21,5,,김예지 매니저
2026-02-09,컨디션은 안좋지만 기분은 좋네요,https://cafe.naver.com/geahwa73/664734,21,7,,김예지 매니저
2026-02-09,조리원까지 예약 완료했어요,https://cafe.naver.com/hig2/583953,3,1,,김예지 매니저
2026-02-09,아기 심장소리 듣고 왔어요><,https://cafe.naver.com/imsanbu/78136860,23,0,,김예지 매니저
2026-02-10,아기 심장 소리가 생각보다 크네요?!,https://cafe.naver.com/geahwa73/664838,8,3,,김예지 매니저
2026-02-10,몸은 힘들지만 마음은 편했던 정기검진,https://cafe.naver.com/hig2/584006,0,0,,김예지 매니저
2026-02-10,봄빛병원에 베테랑 선생님 누가 계세요?,https://cafe.naver.com/imsanbu/78149489,62,2,,김예지 매니저
2026-02-11,신기함의 연속이에요,https://cafe.naver.com/hig2/584054,2,1,,김예지 매니저
2026-02-11,봄빛병원 선생님 지정하고 갈 수 있나요?,https://cafe.naver.com/geahwa73/664933,8,1,,김예지 매니저
2026-02-12,둘째도 제왕 확정이겠죠??,https://cafe.naver.com/imsanbu/78176415,44,2,,김예지 매니저
2026-02-12,,https://cafe.naver.com/hig2/584097,0,0,,김예지 매니저
2026-02-13,봄빛병원 정기검진 다녀왔어요,https://cafe.naver.com/imsanbu/78184135,43,0,,김예지 매니저
2026-02-13,둘째도 자연스럽게 제왕으로 가야겠죠?,https://cafe.naver.com/geahwa73/665168,23,5,,김예지 매니저
2026-02-13,둘째맘님들 조리원 몇주 계셨나요??,https://cafe.naver.com/imsanbu/78183830,155,11,,김예지 매니저
