날짜,글 제목,게시글 URL,댓글,조회수,쪽지 수량,작업자
2025-10-16,매쿰 스킨부스터 효과 어떤가요?,https://cafe.naver.com/feko/9999351,1,55,,차예나 매니저
2025-10-15,스킨부스터 매쿰 받아보신 분!!!!!,https://cafe.naver.com/feko/9994379,1,16,,차예나 매니저
2025-10-15,속건조랑 모공 둘다 잡아야 할때 콜라겐부스터 추천,https://cafe.naver.com/feko/9994138,3,134,,차예나 매니저
2025-10-14,,https://cafe.naver.com/feko/9991336,0,0,,차예나 매니저
2025-10-03,스킨부스터 추천해주세요 리쥬란 매쿰 쥬베룩,https://cafe.naver.com/feko/9969178,6,63,,차예나 매니저
2025-10-02,콜라겐부스터 추천이용,https://cafe.naver.com/feko/9968051,6,96,,차예나 매니저
2025-10-02,환절기 대비 스킨부스터 처음 받아볼까 하는데요,https://cafe.naver.com/feko/9967564,1,12,,차예나 매니저
2025-10-01,스킨부스터 효과 좋은거 좀 추천해주세여,https://cafe.naver.com/feko/9964310,15,154,,차예나 매니저
2025-09-29,스킨부스터(콜라겐부스터 쪽) 매쿰 효과 어때요?,https://cafe.naver.com/cosmania/38236987,1,20,,차예나 매니저
2025-09-29,스킨부스터 중에 매쿰 받아보신 적 있는 분...?,https://cafe.naver.com/feko/9954761,2,35,,차예나 매니저
2025-09-25,가을맞이 스킨부스터 맞아볼까봐용,https://cafe.naver.com/feko/9944573,4,27,,차예나 매니저
2025-09-25,매쿰 콜라겐부스터 효과 제일 좋은거 맞죠?!,https://cafe.naver.com/feko/9944066,2,33,,차예나 매니저
2025-09-24,매쿰 스킨부스터 효과 제일 좋은 조합,https://cafe.naver.com/feko/9941071,0,13,,차예나 매니저
2025-09-23,스킨부스터 속건조랑 모공 매쿰 효과,https://cafe.naver.com/feko/9936258,2,69,,차예나 매니저
2025-09-23,스킨부스터 매쿰 효과랑 유지력 길다는데,https://cafe.naver.com/cosmania/38232436,2,17,,차예나 매니저
2025-09-23,혹시 스킨부스터 중에 매쿰,https://cafe.naver.com/parisienlook/5578772,2,39,,차예나 매니저
2025-09-18,예비신부 전 피부관리 뭐하면 좋을까요?,https://cafe.naver.com/cosmania/38227322,5,73,,차예나 매니저
2025-09-18,매쿰 스킨부스터,https://cafe.naver.com/feko/9920441,1,29,,차예나 매니저
2025-09-17,피부 속건조 해결 시술,https://cafe.naver.com/parisienlook/5571605,6,310,,차예나 매니저
2025-09-17,효과 좋은 스킨부스터로 꾸준히 관리받는거,https://cafe.naver.com/feko/9915027,4,17,,차예나 매니저
2025-09-08,효과랑 유지력 갑인 스킨부스터 받을때,https://cafe.naver.com/feko/9882191,1,17,,차예나 매니저
2025-09-02,피부 건조해서 스킨부스터 받아볼까보 고민인데요ㅜㅜ,https://cafe.naver.com/cosmania/38210365,9,49,,차예나 매니저
2025-09-02,스킨부스터 효과 좋은거,https://cafe.naver.com/feko/9862877,9,91,,차예나 매니저
2025-08-29,콜라겐 스킨부스터 받아보려고 하는데요,https://cafe.naver.com/feko/9851609,11,103,,차예나 매니저
2025-08-27,스킨부스터 쥬베룩 매쿰 둘다 받아보신 분,https://cafe.naver.com/feko/9843030,5,37,,차예나 매니저
2025-08-25,스킨부스터 매쿰 맞아보신분,https://cafe.naver.com/parisienlook/5543610,3,33,,차예나 매니저
2025-08-25,매쿰이라는 스킨부스터 해본적 있다! 효과 어때요?,https://cafe.naver.com/cosmania/38201360,1,7,,차예나 매니저
2025-08-22,스킨부스터 중에 효과랑 유지력 좋은거 ㅠㅠ,https://cafe.naver.com/feko/9827086,7,27,,차예나 매니저
2025-08-22,모공 늘어나 보이고 피부 퍼석퍼석 건조할때 스킨부스터랑 레이저,https://cafe.naver.com/feko/9827049,4,131,,차예나 매니저
2025-08-14,스킨부스터 중에 매쿰 효과 궁금해요ㅠㅠㅠ 맞아보신분?!,https://cafe.naver.com/feko/9800211,3,14,,차예나 매니저
2025-08-07,스킨부스터 한번 관리받을때 몇회 하시나요?,https://cafe.naver.com/feko/9776540,4,40,,차예나 매니저
2025-08-07,매쿰 스킨부스터 포텐자랑 같이 받는게 나은건가요?,https://cafe.naver.com/parisienlook/5523084,1,66,,차예나 매니저
2025-08-06,매쿰이라는 스킨부스터 받아보신분!!,https://cafe.naver.com/feko/9772454,1,17,,차예나 매니저
2025-08-05,여름인데도 피부가 너무 건조하고 푸석거리는데...,https://cafe.naver.com/feko/9768058,2,19,,차예나 매니저
2025-08-05,콜라겐 스킨부스터 받아보신분 계세요?,https://cafe.naver.com/cosmania/38179525,2,13,,차예나 매니저
2025-07-31,스킨부스터 받으면 피부 좋아지나요???,https://cafe.naver.com/feko/9751901,6,58,,차예나 매니저
2025-07-30,스킨부스터 받아볼까요? 한번도 해본적 없어요,https://cafe.naver.com/feko/9746695,3,26,,차예나 매니저
2025-07-29,스킨부스터 고민중 모공이랑 피부결에 다 효과 있는거 맞죠,https://cafe.naver.com/cosmania/38171124,6,30,,차예나 매니저
2025-07-29,스킨부스터중에 매쿰이랑 포텐자 같이 받아본적 있으신 분 ㅜㅜ,https://cafe.naver.com/parisienlook/5513020,3,84,,차예나 매니저
2025-07-28,스킨부스터 매쿰 어때요?!,https://cafe.naver.com/feko/9740462,12,86,,차예나 매니저
2025-07-25,속건조가 점점 심해지는거 같은데 스킨부스터 받으면 좋아져요?,https://cafe.naver.com/feko/9731728,8,91,,차예나 매니저
2025-07-24,스킨부스터 매쿰 포텐자랑 같이 받아보신분?!,https://cafe.naver.com/cosmania/38165993,1,29,,차예나 매니저
2025-07-22,요즘에는 포텐자+매쿰 이게 효과 제일 좋은건가요?,https://cafe.naver.com/feko/9721021,0,63,,차예나 매니저
2025-07-21,스킨부스터 레이저랑 같이 받아보신분!!!,https://cafe.naver.com/feko/9716557,1,52,,차예나 매니저
