날짜,글 제목,게시글 URL,,,,댓글,조회수,,,,병원,작업자
2025-10-17,레이저 + 콜라겐 스킨부스터 매쿰 꿀조합이요,https://cafe.naver.com/feko/10003103,,,,1,108,,,,사치바이오 (내부용) (https://www.notion.so/233286f326ff80e789a9f4bf12bfcb71?pvs=21),차예나 매니저
2025-10-17,안아프고 효과 좋은 스킨부스터 추천,https://cafe.naver.com/feko/10002878,,,,3,50,,,,사치바이오 (내부용) (https://www.notion.so/233286f326ff80e789a9f4bf12bfcb71?pvs=21),차예나 매니저
2025-10-16,피부 건조하고 모공 커보여서 스킨부스터 받은 후기,https://cafe.naver.com/feko/9999311,,,,4,46,,,,사치바이오 (내부용) (https://www.notion.so/233286f326ff80e789a9f4bf12bfcb71?pvs=21),차예나 매니저
2025-10-14,매쿰 콜라겐 스킨부스터 효과 너무 좋자낭ㅎㅎㅎ,https://cafe.naver.com/feko/9991345,,,,2,26,,,,사치바이오 (내부용) (https://www.notion.so/233286f326ff80e789a9f4bf12bfcb71?pvs=21),차예나 매니저
2025-10-10,스킨부스터 매쿰 효과 미친거 알아왔어요,https://cafe.naver.com/feko/9977488,,,,2,25,,,,사치바이오 (내부용) (https://www.notion.so/233286f326ff80e789a9f4bf12bfcb71?pvs=21),차예나 매니저
2025-10-10,속건조랑 모공 때문에 콜라겐부스터 받아봤는데 매쿰 효과 좋으네요,https://cafe.naver.com/cosmania/38243156,,,,0,28,,,,사치바이오 (내부용) (https://www.notion.so/233286f326ff80e789a9f4bf12bfcb71?pvs=21),차예나 매니저
2025-10-03,콜라겐 스킨부스터 매쿰 솔직 후기,https://cafe.naver.com/feko/9969192,,,,7,35,,,,사치바이오 (내부용) (https://www.notion.so/233286f326ff80e789a9f4bf12bfcb71?pvs=21),차예나 매니저
2025-09-29,,https://cafe.naver.com/parisienlook/5584804,,,,0,0,,,,사치바이오 (내부용) (https://www.notion.so/233286f326ff80e789a9f4bf12bfcb71?pvs=21),차예나 매니저
2025-09-29,스킨부스터 특히 콜라겐부스터 고민중이시면 매쿰 추천이요 효과랑 유지력 미침👍👍,https://cafe.naver.com/feko/9954460,,,,4,42,,,,사치바이오 (내부용) (https://www.notion.so/233286f326ff80e789a9f4bf12bfcb71?pvs=21),차예나 매니저
2025-09-24,콜라겐 스킨부스터 유목민의 매쿰 시술 후기 + 그동안 맞아본 시술들 정리,https://cafe.naver.com/feko/9941096,,,,4,161,,,,사치바이오 (내부용) (https://www.notion.so/233286f326ff80e789a9f4bf12bfcb71?pvs=21),차예나 매니저
2025-09-24,속건조 피부결 모공 스킨부스터 매쿰 강추강추,https://cafe.naver.com/cosmania/38233640,,,,2,28,,,,사치바이오 (내부용) (https://www.notion.so/233286f326ff80e789a9f4bf12bfcb71?pvs=21),차예나 매니저
2025-09-24,피부 푸석할때는 그래도 스킨부스터가 효과 젤 좋긴하네요..,https://cafe.naver.com/parisienlook/5580138,,,,8,145,,,,사치바이오 (내부용) (https://www.notion.so/233286f326ff80e789a9f4bf12bfcb71?pvs=21),차예나 매니저
2025-09-22,피부결 거칠고 푸석푸석 건조할때 스킨부스터,https://cafe.naver.com/cosmania/38231286,,,,2,39,,,,사치바이오 (내부용) (https://www.notion.so/233286f326ff80e789a9f4bf12bfcb71?pvs=21),차예나 매니저
2025-09-22,스킨부스터 안아픈거 받말 고민하다 해봤는데 효과 너무 좋아요ㅋ,https://cafe.naver.com/feko/9931283,,,,10,77,,,,사치바이오 (내부용) (https://www.notion.so/233286f326ff80e789a9f4bf12bfcb71?pvs=21),차예나 매니저
2025-09-16,매쿰 스킨부스터 콜라겐부스터 추천이에요! 효과 엄청 좋아요!,https://cafe.naver.com/feko/9911398,,,,2,23,,,,사치바이오 (내부용) (https://www.notion.so/233286f326ff80e789a9f4bf12bfcb71?pvs=21),차예나 매니저
2025-09-16,스킨부스터 중에 콜라겐부스터 맞으실분들 매쿰,https://cafe.naver.com/cosmania/38224998,,,,4,45,,,,사치바이오 (내부용) (https://www.notion.so/233286f326ff80e789a9f4bf12bfcb71?pvs=21),차예나 매니저
2025-09-11,스킨부스터마다 다해본 유목민이 추천하는 효과짱 시술,https://cafe.naver.com/cosmania/38220180,,,,4,55,,,,사치바이오 (내부용) (https://www.notion.so/233286f326ff80e789a9f4bf12bfcb71?pvs=21),차예나 매니저
2025-09-11,피부 건조하고 모공 잘보일때 스킨부스터,https://cafe.naver.com/parisienlook/5564733,,,,2,79,,,,사치바이오 (내부용) (https://www.notion.so/233286f326ff80e789a9f4bf12bfcb71?pvs=21),차예나 매니저
2025-09-10,"스킨부스터 알아보시는 분들,, 효과 좋은거 알아왔어요ㅋㅋㅋ",https://cafe.naver.com/cosmania/38219120,,,,6,62,,,,사치바이오 (내부용) (https://www.notion.so/233286f326ff80e789a9f4bf12bfcb71?pvs=21),차예나 매니저
2025-09-10,스킨부스터 매쿰 효과가 미쳤다고 해서 받아봤는데 진짜 좋네요,https://cafe.naver.com/feko/9891508,,,,4,32,,,,사치바이오 (내부용) (https://www.notion.so/233286f326ff80e789a9f4bf12bfcb71?pvs=21),차예나 매니저
2025-09-08,스킨부스터 받으실 분들.. 매쿰 효과 너무너무너무 좋음요,https://cafe.naver.com/feko/9882157,,,,4,48,,,,사치바이오 (내부용) (https://www.notion.so/233286f326ff80e789a9f4bf12bfcb71?pvs=21),차예나 매니저
2025-09-05,환절기라 스킨부스터 받으시려는 분들🌟,https://cafe.naver.com/cosmania/38213840,,,,10,49,,,,사치바이오 (내부용) (https://www.notion.so/233286f326ff80e789a9f4bf12bfcb71?pvs=21),차예나 매니저
2025-09-05,스킨부스터 효과 미친걸 알아왔어요... 피부 촉촉 피부결 보들보들🥹,https://cafe.naver.com/feko/9875823,,,,3,80,,,,사치바이오 (내부용) (https://www.notion.so/233286f326ff80e789a9f4bf12bfcb71?pvs=21),차예나 매니저
2025-08-29,인생 스킨부스터 찾은거 같아요 ㅋㅋㅋㅋㅋ,https://cafe.naver.com/feko/9851659,,,,3,66,,,,사치바이오 (내부용) (https://www.notion.so/233286f326ff80e789a9f4bf12bfcb71?pvs=21),차예나 매니저
2025-08-27,스킨부스터 유목민이 추천하는 매쿰 후기,https://cafe.naver.com/feko/9842999,,,,8,82,,,,사치바이오 (내부용) (https://www.notion.so/233286f326ff80e789a9f4bf12bfcb71?pvs=21),차예나 매니저
2025-08-19,피부 너무 건조해서 스킨부스터 받기 시작했는데 미친걸 알게됐어요,https://cafe.naver.com/parisienlook/5536519,,,,7,365,,,,사치바이오 (내부용) (https://www.notion.so/233286f326ff80e789a9f4bf12bfcb71?pvs=21),차예나 매니저
2025-08-12,스킨부스터 중에 매쿰이라고 효과 좋아요,https://cafe.naver.com/parisienlook/5528929,,,,1,38,,,,사치바이오 (내부용) (https://www.notion.so/233286f326ff80e789a9f4bf12bfcb71?pvs=21),차예나 매니저
2025-08-12,포텐자랑 같이 스킨부스터 매쿰 받았는데 효과 ㅁㅊ,https://cafe.naver.com/cosmania/38187633,,,,1,63,,,,사치바이오 (내부용) (https://www.notion.so/233286f326ff80e789a9f4bf12bfcb71?pvs=21),차예나 매니저
2025-07-24,콜라겐부스터 피부 건조하고 안좋아졌을때 효과 좋은거 같아요,https://cafe.naver.com/parisienlook/5508289,,,,2,84,,,,사치바이오 (내부용) (https://www.notion.so/233286f326ff80e789a9f4bf12bfcb71?pvs=21),차예나 매니저
2025-07-22,스킨부스터 중에 매쿰 효과 미쳤어요 찐추천이요,https://cafe.naver.com/cosmania/38163311,,,,2,79,,,,사치바이오 (내부용) (https://www.notion.so/233286f326ff80e789a9f4bf12bfcb71?pvs=21),차예나 매니저
2025-07-21,스킨부스터 효과 개 오지는거 알아왔어요 ㅠㅠㅠㅠ 개미침 ㅠㅠㅠ 피부에 양보하세요,https://cafe.naver.com/feko/9716537,,,,18,257,,,,사치바이오 (내부용) (https://www.notion.so/233286f326ff80e789a9f4bf12bfcb71?pvs=21),차예나 매니저
