날짜,,조회수,댓글,,게시글 URL,글 제목,,,,,,병원,작업자
2026-01-21,,,,,https://cafe.naver.com/feko/10325960,윈느 휴먼 라이안 가슴 상담가요~,,,,,,윈느성형외과 (내부용) (https://www.notion.so/2ca286f326ff8024a64ef0dc1e189d2b?pvs=21),박민정 매니저
2026-01-21,,,,,https://cafe.naver.com/feko/10325452,마른 체형 UU모양으로 슴성형 하고싶어요,,,,,,윈느성형외과 (내부용) (https://www.notion.so/2ca286f326ff8024a64ef0dc1e189d2b?pvs=21),박민정 매니저
2026-01-21,,,,,https://gnun.link/comm/3770387,,,,,,,윈느성형외과 (내부용) (https://www.notion.so/2ca286f326ff8024a64ef0dc1e189d2b?pvs=21),오노 아키코 매니저
2026-01-21,,,,,https://gnun.link/comm/3770172,,,,,,,윈느성형외과 (내부용) (https://www.notion.so/2ca286f326ff8024a64ef0dc1e189d2b?pvs=21),오노 아키코 매니저
2026-01-20,,,,,https://gnun.link/comm/3769000,,,,,,,윈느성형외과 (내부용) (https://www.notion.so/2ca286f326ff8024a64ef0dc1e189d2b?pvs=21),오노 아키코 매니저
2026-01-20,,,,,https://cafe.naver.com/feko/10319896,안전한 가슴 성형 병원 어디일까요?!,,,,,,윈느성형외과 (내부용) (https://www.notion.so/2ca286f326ff8024a64ef0dc1e189d2b?pvs=21),박민정 매니저
2026-01-20,,,,,https://gnun.link/comm/3768951,,,,,,,윈느성형외과 (내부용) (https://www.notion.so/2ca286f326ff8024a64ef0dc1e189d2b?pvs=21),오노 아키코 매니저
2026-01-19,,,,,https://gnun.link/comm/3765139,,,,,,,윈느성형외과 (내부용) (https://www.notion.so/2ca286f326ff8024a64ef0dc1e189d2b?pvs=21),오노 아키코 매니저
2026-01-19,,,,,https://gnun.link/comm/3765053,,,,,,,윈느성형외과 (내부용) (https://www.notion.so/2ca286f326ff8024a64ef0dc1e189d2b?pvs=21),오노 아키코 매니저
2026-01-16,,,,,https://cafe.naver.com/feko/10309706,가슴전문 병원으로 상담예약 했어용,,,,,,윈느성형외과 (내부용) (https://www.notion.so/2ca286f326ff8024a64ef0dc1e189d2b?pvs=21),박민정 매니저
2026-01-16,,,,,https://gnun.link/comm/3761878,,,,,,,윈느성형외과 (내부용) (https://www.notion.so/2ca286f326ff8024a64ef0dc1e189d2b?pvs=21),오노 아키코 매니저
2026-01-15,,,,,https://gnun.link/comm/3759195,,,,,,,윈느성형외과 (내부용) (https://www.notion.so/2ca286f326ff8024a64ef0dc1e189d2b?pvs=21),오노 아키코 매니저
2026-01-14,,,,,https://cafe.naver.com/feko/10299478,가슴 개인병원으로 충분할까요?,,,,,,윈느성형외과 (내부용) (https://www.notion.so/2ca286f326ff8024a64ef0dc1e189d2b?pvs=21),박민정 매니저
2026-01-14,,,,,https://gnun.link/comm/3756619,,,,,,,윈느성형외과 (내부용) (https://www.notion.so/2ca286f326ff8024a64ef0dc1e189d2b?pvs=21),오노 아키코 매니저
2026-01-13,,,,,https://gnun.link/comm/3754617,,,,,,,,오노 아키코 매니저
2026-01-13,,,,,https://gnun.link/comm/3754316,,,,,,,,오노 아키코 매니저
2026-01-09,,,,,https://cafe.naver.com/feko/10282920,자연스러운 UU모양 신논현 가슴병원 상담!,,,,,,윈느성형외과 (내부용) (https://www.notion.so/2ca286f326ff8024a64ef0dc1e189d2b?pvs=21),박민정 매니저
2026-01-08,,,,,https://cafe.naver.com/feko/10278222,저도 UIU 가슴 만들러 4곳 상담가요!,,,,,,윈느성형외과 (내부용) (https://www.notion.so/2ca286f326ff8024a64ef0dc1e189d2b?pvs=21),박민정 매니저
2026-01-08,,,,,https://gnun.link/comm/3745607,,,,,,,윈느성형외과 (내부용) (https://www.notion.so/2ca286f326ff8024a64ef0dc1e189d2b?pvs=21),오노 아키코 매니저
2026-01-07,,,,,https://cafe.naver.com/feko/10275912,가슴전문 1인 원장님 어때요???,,,,,,윈느성형외과 (내부용) (https://www.notion.so/2ca286f326ff8024a64ef0dc1e189d2b?pvs=21),박민정 매니저
2026-01-07,,,,,https://gnun.link/comm/3742973,,,,,,,윈느성형외과 (내부용) (https://www.notion.so/2ca286f326ff8024a64ef0dc1e189d2b?pvs=21),오노 아키코 매니저
2026-01-06,,,,,https://cafe.naver.com/feko/10270044,절벽 가슴 자연스럽게 해주는 병원 찾아요,,,,,,윈느성형외과 (내부용) (https://www.notion.so/2ca286f326ff8024a64ef0dc1e189d2b?pvs=21),박민정 매니저
2026-01-02,,31,4,,https://cafe.naver.com/feko/10260823,가슴 발품 정하고 상담 가요!,,,,,,윈느성형외과 (내부용) (https://www.notion.so/2ca286f326ff8024a64ef0dc1e189d2b?pvs=21),박민정 매니저
2025-12-30,,9,1,,https://gnun.link/comm/3730042,,,,,,,윈느성형외과 (내부용) (https://www.notion.so/2ca286f326ff8024a64ef0dc1e189d2b?pvs=21),오노 아키코 매니저
2025-12-30,,7,1,,https://gnun.link/comm/3730053,,,,,,,윈느성형외과 (내부용) (https://www.notion.so/2ca286f326ff8024a64ef0dc1e189d2b?pvs=21),오노 아키코 매니저
2025-12-30,,10,1,,https://gnun.link/comm/3730003,,,,,,,윈느성형외과 (내부용) (https://www.notion.so/2ca286f326ff8024a64ef0dc1e189d2b?pvs=21),오노 아키코 매니저
2025-12-30,,5,1,,https://gnun.link/comm/3729923,,,,,,,윈느성형외과 (내부용) (https://www.notion.so/2ca286f326ff8024a64ef0dc1e189d2b?pvs=21),오노 아키코 매니저
2025-12-30,,6,1,,https://gnun.link/comm/3729908,,,,,,,윈느성형외과 (내부용) (https://www.notion.so/2ca286f326ff8024a64ef0dc1e189d2b?pvs=21),오노 아키코 매니저
2025-12-30,,7,2,,https://gnun.link/comm/3729778,,,,,,,윈느성형외과 (내부용) (https://www.notion.so/2ca286f326ff8024a64ef0dc1e189d2b?pvs=21),오노 아키코 매니저
2025-12-29,,6,1,,https://gnun.link/comm/3728178,,,,,,,윈느성형외과 (내부용) (https://www.notion.so/2ca286f326ff8024a64ef0dc1e189d2b?pvs=21),오노 아키코 매니저
2025-12-29,,12,2,,https://gnun.link/comm/3727871,,,,,,,윈느성형외과 (내부용) (https://www.notion.so/2ca286f326ff8024a64ef0dc1e189d2b?pvs=21),오노 아키코 매니저
2025-12-29,,18,2,,https://gnun.link/comm/3727713,,,,,,,윈느성형외과 (내부용) (https://www.notion.so/2ca286f326ff8024a64ef0dc1e189d2b?pvs=21),오노 아키코 매니저
2025-12-29,,15,3,,https://gnun.link/comm/3727682,,,,,,,윈느성형외과 (내부용) (https://www.notion.so/2ca286f326ff8024a64ef0dc1e189d2b?pvs=21),오노 아키코 매니저
2025-12-29,,14,1,,https://gnun.link/comm/3727435,,,,,,,윈느성형외과 (내부용) (https://www.notion.so/2ca286f326ff8024a64ef0dc1e189d2b?pvs=21),오노 아키코 매니저
2025-12-29,,10,1,,https://gnun.link/comm/3727325,,,,,,,윈느성형외과 (내부용) (https://www.notion.so/2ca286f326ff8024a64ef0dc1e189d2b?pvs=21),오노 아키코 매니저
2025-12-26,,24,4,,https://gnun.link/comm/3725204,,,,,,,윈느성형외과 (내부용) (https://www.notion.so/2ca286f326ff8024a64ef0dc1e189d2b?pvs=21),오노 아키코 매니저
2025-12-26,,21,2,,https://gnun.link/comm/3725085,,,,,,,윈느성형외과 (내부용) (https://www.notion.so/2ca286f326ff8024a64ef0dc1e189d2b?pvs=21),오노 아키코 매니저
2025-12-24,,14,2,,https://gnun.link/comm/3722451,,,,,,,윈느성형외과 (내부용) (https://www.notion.so/2ca286f326ff8024a64ef0dc1e189d2b?pvs=21),오노 아키코 매니저
2025-12-24,,18,2,,https://gnun.link/comm/3722012,,,,,,,윈느성형외과 (내부용) (https://www.notion.so/2ca286f326ff8024a64ef0dc1e189d2b?pvs=21),오노 아키코 매니저
2025-12-23,,19,2,,https://gnun.link/comm/3719147,,,,,,,윈느성형외과 (내부용) (https://www.notion.so/2ca286f326ff8024a64ef0dc1e189d2b?pvs=21),오노 아키코 매니저
2025-12-22,,23,4,,https://gnun.link/comm/3717123,,,,,,,윈느성형외과 (내부용) (https://www.notion.so/2ca286f326ff8024a64ef0dc1e189d2b?pvs=21),오노 아키코 매니저
2025-12-22,,103,25,,https://cafe.naver.com/feko/10227159,가슴 발품은 몇군데 정도 가면 적당한 편이예요?,,,,,,윈느성형외과 (내부용) (https://www.notion.so/2ca286f326ff8024a64ef0dc1e189d2b?pvs=21),차예나 매니저
2025-12-19,,3,0,,https://gnun.link/comm/3714088,,,,,,,윈느성형외과 (내부용) (https://www.notion.so/2ca286f326ff8024a64ef0dc1e189d2b?pvs=21),오노 아키코 매니저
2025-12-18,,249,18,,https://cafe.naver.com/feko/10219378,노트 권순근 윈느 김의건 우아 박영지 더성형 성기욱 가슴수술 정보ㅠㅠㅠㅠㅠㅠ,,,,,,윈느성형외과 (내부용) (https://www.notion.so/2ca286f326ff8024a64ef0dc1e189d2b?pvs=21),차예나 매니저
2025-12-17,,139,30,,https://cafe.naver.com/feko/10212308,UIU 가슴을 원해요!! 가슴병원 추천해주세요!,,,,,,윈느성형외과 (내부용) (https://www.notion.so/2ca286f326ff8024a64ef0dc1e189d2b?pvs=21),차예나 매니저
2025-12-16,,11,4,,https://gnun.link/comm/3706324,,,,,,,윈느성형외과 (내부용) (https://www.notion.so/2ca286f326ff8024a64ef0dc1e189d2b?pvs=21),오노 아키코 매니저
2025-12-16,,11,4,,https://gnun.link/comm/3706238,,,,,,,윈느성형외과 (내부용) (https://www.notion.so/2ca286f326ff8024a64ef0dc1e189d2b?pvs=21),오노 아키코 매니저
2025-12-16,,,,,,,,,,,,윈느성형외과 (내부용) (https://www.notion.so/2ca286f326ff8024a64ef0dc1e189d2b?pvs=21),차예나 매니저
2025-12-15,,179,12,,https://cafe.naver.com/feko/10204416,가슴재수술 잘하는데 손품중,,,,,,윈느성형외과 (내부용) (https://www.notion.so/2ca286f326ff8024a64ef0dc1e189d2b?pvs=21),차예나 매니저
2025-12-15,,144,6,,https://cafe.naver.com/feko/10204328,UU모양 자연스러운 느낌나게 수술하신 분들 어디서 하셨어요!,,,,,,윈느성형외과 (내부용) (https://www.notion.so/2ca286f326ff8024a64ef0dc1e189d2b?pvs=21),차예나 매니저
2025-12-12,,20,5,,https://gnun.link/comm/3700403,,,,,,,윈느성형외과 (내부용) (https://www.notion.so/2ca286f326ff8024a64ef0dc1e189d2b?pvs=21),오노 아키코 매니저
2025-12-12,,204,14,,https://cafe.naver.com/feko/10195924,가슴수술 병원 알아보고 있어요!!,,,,,,윈느성형외과 (내부용) (https://www.notion.so/2ca286f326ff8024a64ef0dc1e189d2b?pvs=21),차예나 매니저
2025-12-10,,18,6,,https://gnun.link/comm/3695779,,,,,,,윈느성형외과 (내부용) (https://www.notion.so/2ca286f326ff8024a64ef0dc1e189d2b?pvs=21),오노 아키코 매니저
2025-12-10,,167,18,,https://cafe.naver.com/feko/10188038,"가슴도 병원이 너무 많아서,, 병원과 원장님 추천해주세요",,,,,,윈느성형외과 (내부용) (https://www.notion.so/2ca286f326ff8024a64ef0dc1e189d2b?pvs=21),차예나 매니저
2025-12-10,,88,6,,https://cafe.naver.com/feko/10188466,병원 상담은 몇군데 정도 가보면 적당한가요!!,,,,,,윈느성형외과 (내부용) (https://www.notion.so/2ca286f326ff8024a64ef0dc1e189d2b?pvs=21),차예나 매니저
2025-12-10,,10,2,,https://gnun.link/comm/3696409,,,,,,,윈느성형외과 (내부용) (https://www.notion.so/2ca286f326ff8024a64ef0dc1e189d2b?pvs=21),오노 아키코 매니저
2025-12-09,,168,15,,https://cafe.naver.com/feko/10184278,가슴수술만 하는 원장님 유명한 분들 정보 조금만 더ㅜ,,,,,,윈느성형외과 (내부용) (https://www.notion.so/2ca286f326ff8024a64ef0dc1e189d2b?pvs=21),차예나 매니저
2025-12-09,,15,4,,https://gnun.link/comm/3694503,,,,,,,윈느성형외과 (내부용) (https://www.notion.so/2ca286f326ff8024a64ef0dc1e189d2b?pvs=21),오노 아키코 매니저
2025-12-09,,16,4,,https://gnun.link/comm/3693832,,,,,,,윈느성형외과 (내부용) (https://www.notion.so/2ca286f326ff8024a64ef0dc1e189d2b?pvs=21),오노 아키코 매니저
2025-12-08,,13,4,,https://gnun.link/comm/3692048,,,,,,,윈느성형외과 (내부용) (https://www.notion.so/2ca286f326ff8024a64ef0dc1e189d2b?pvs=21),오노 아키코 매니저
2025-12-05,,0,0,,https://cafe.naver.com/feko/10173739,,,,,,,윈느성형외과 (내부용) (https://www.notion.so/2ca286f326ff8024a64ef0dc1e189d2b?pvs=21),차예나 매니저
2025-12-04,,196,19,,https://cafe.naver.com/feko/10168343,자연가슴 느낌나게 UU모양으로 수술 잘하는곳 찾아요!,,,,,,윈느성형외과 (내부용) (https://www.notion.so/2ca286f326ff8024a64ef0dc1e189d2b?pvs=21),차예나 매니저
2025-12-04,,7,2,,https://gnun.link/comm/3686289,,,,,,,윈느성형외과 (내부용) (https://www.notion.so/2ca286f326ff8024a64ef0dc1e189d2b?pvs=21),오노 아키코 매니저
2025-12-03,,109,8,,https://cafe.naver.com/feko/10164843,내년 재수술 생각중이요 가슴재수술 정보 아시는분 부탁드려요,,,,,,윈느성형외과 (내부용) (https://www.notion.so/2ca286f326ff8024a64ef0dc1e189d2b?pvs=21),차예나 매니저
2025-12-02,,133,11,,https://cafe.naver.com/feko/10158859,가슴수술 병원 알아보는데 보형물은 제가 하고싶은걸로 정해요?,,,,,,윈느성형외과 (내부용) (https://www.notion.so/2ca286f326ff8024a64ef0dc1e189d2b?pvs=21),차예나 매니저
2025-12-02,,7,3,,https://gnun.link/comm/3682311,,,,,,,윈느성형외과 (내부용) (https://www.notion.so/2ca286f326ff8024a64ef0dc1e189d2b?pvs=21),오노 아키코 매니저
2025-12-01,,9,4,,https://gnun.link/comm/3678811,,,,,,,윈느성형외과 (내부용) (https://www.notion.so/2ca286f326ff8024a64ef0dc1e189d2b?pvs=21),오노 아키코 매니저
2025-12-01,,136,12,,https://cafe.naver.com/feko/10155282,상담 받아볼 가슴전문병원 1차는 완료 2차 손품중,,,,,,윈느성형외과 (내부용) (https://www.notion.so/2ca286f326ff8024a64ef0dc1e189d2b?pvs=21),차예나 매니저
2025-11-28,,7,3,,https://gnun.link/comm/3675877,,,,,,,윈느성형외과 (내부용) (https://www.notion.so/2ca286f326ff8024a64ef0dc1e189d2b?pvs=21),오노 아키코 매니저
2025-11-28,,5,2,,https://gnun.link/comm/3675212,,,,,,,윈느성형외과 (내부용) (https://www.notion.so/2ca286f326ff8024a64ef0dc1e189d2b?pvs=21),오노 아키코 매니저
2025-11-28,,112,11,,https://cafe.naver.com/feko/10147065,14키로를 빼니 가슴이 없어져서 하고싶었던 가슴수술을 하려구해여,,,,,,윈느성형외과 (내부용) (https://www.notion.so/2ca286f326ff8024a64ef0dc1e189d2b?pvs=21),차예나 매니저
2025-11-28,,4,1,,https://gnun.link/comm/3675241,,,,,,,윈느성형외과 (내부용) (https://www.notion.so/2ca286f326ff8024a64ef0dc1e189d2b?pvs=21),오노 아키코 매니저
2025-11-28,,2,1,,https://gnun.link/comm/3675190,,,,,,,윈느성형외과 (내부용) (https://www.notion.so/2ca286f326ff8024a64ef0dc1e189d2b?pvs=21),오노 아키코 매니저
2025-11-28,,4,2,,https://gnun.link/comm/3675323,,,,,,,윈느성형외과 (내부용) (https://www.notion.so/2ca286f326ff8024a64ef0dc1e189d2b?pvs=21),오노 아키코 매니저
2025-11-28,,9,3,,https://gnun.link/comm/3675362,,,,,,,윈느성형외과 (내부용) (https://www.notion.so/2ca286f326ff8024a64ef0dc1e189d2b?pvs=21),오노 아키코 매니저
2025-11-27,,153,18,,https://cafe.naver.com/feko/10142851,몸에 어울리게 자연스럽게 모양 내주는 가슴병원 손품 (밥그릇X),,,,,,윈느성형외과 (내부용) (https://www.notion.so/2ca286f326ff8024a64ef0dc1e189d2b?pvs=21),차예나 매니저
2025-11-27,,7,3,,https://gnun.link/comm/3674551,,,,,,,윈느성형외과 (내부용) (https://www.notion.so/2ca286f326ff8024a64ef0dc1e189d2b?pvs=21),오노 아키코 매니저
2025-11-27,,8,4,,https://gnun.link/comm/3674599,,,,,,,윈느성형외과 (내부용) (https://www.notion.so/2ca286f326ff8024a64ef0dc1e189d2b?pvs=21),오노 아키코 매니저
2025-11-26,,9,1,,https://gnun.link/comm/3671529,,,,,,,윈느성형외과 (내부용) (https://www.notion.so/2ca286f326ff8024a64ef0dc1e189d2b?pvs=21),오노 아키코 매니저
2025-11-26,,9,6,,https://gnun.link/comm/3671100,,,,,,,윈느성형외과 (내부용) (https://www.notion.so/2ca286f326ff8024a64ef0dc1e189d2b?pvs=21),오노 아키코 매니저
2025-11-26,,4,11,,https://gnun.link/comm/3670711,,,,,,,윈느성형외과 (내부용) (https://www.notion.so/2ca286f326ff8024a64ef0dc1e189d2b?pvs=21),오노 아키코 매니저
2025-11-26,,13,6,,https://gnun.link/comm/3670797,,,,,,,윈느성형외과 (내부용) (https://www.notion.so/2ca286f326ff8024a64ef0dc1e189d2b?pvs=21),오노 아키코 매니저
2025-11-26,,336,7,,https://cafe.naver.com/feko/10139973,자연스럽게 빵빵한 느낌으로 찐가슴처럼 커지는게 소원이요,,,,,,윈느성형외과 (내부용) (https://www.notion.so/2ca286f326ff8024a64ef0dc1e189d2b?pvs=21),차예나 매니저
2025-11-26,,13,5,,https://gnun.link/comm/3670918,,,,,,,윈느성형외과 (내부용) (https://www.notion.so/2ca286f326ff8024a64ef0dc1e189d2b?pvs=21),오노 아키코 매니저
2025-11-26,,122,14,,https://cafe.naver.com/feko/10137819,마지막적금도 만기! 가슴수술 어디서하셨어요!!!,,,,,,윈느성형외과 (내부용) (https://www.notion.so/2ca286f326ff8024a64ef0dc1e189d2b?pvs=21),차예나 매니저
2025-11-25,,13,4,,https://gnun.link/comm/3668624,,,,,,,윈느성형외과 (내부용) (https://www.notion.so/2ca286f326ff8024a64ef0dc1e189d2b?pvs=21),오노 아키코 매니저
2025-11-25,,2,5,,https://gnun.link/comm/3668665,,,,,,,윈느성형외과 (내부용) (https://www.notion.so/2ca286f326ff8024a64ef0dc1e189d2b?pvs=21),오노 아키코 매니저
2025-11-25,,6,1,,https://gnun.link/comm/3669535,,,,,,,윈느성형외과 (내부용) (https://www.notion.so/2ca286f326ff8024a64ef0dc1e189d2b?pvs=21),오노 아키코 매니저
2025-11-25,,5,1,,https://gnun.link/comm/3668726,,,,,,,윈느성형외과 (내부용) (https://www.notion.so/2ca286f326ff8024a64ef0dc1e189d2b?pvs=21),오노 아키코 매니저
2025-11-25,,9,2,,https://gnun.link/comm/3668332,,,,,,,윈느성형외과 (내부용) (https://www.notion.so/2ca286f326ff8024a64ef0dc1e189d2b?pvs=21),오노 아키코 매니저
2025-11-24,,11,4,,https://gnun.link/comm/3666627,,,,,,,윈느성형외과 (내부용) (https://www.notion.so/2ca286f326ff8024a64ef0dc1e189d2b?pvs=21),오노 아키코 매니저
2025-11-24,,7,3,,https://gnun.link/comm/3666166,,,,,,,윈느성형외과 (내부용) (https://www.notion.so/2ca286f326ff8024a64ef0dc1e189d2b?pvs=21),오노 아키코 매니저
2025-11-24,,131,18,,https://cafe.naver.com/feko/10129214,가슴수술하려고 병원 알아보고 있는데요🥹,,,,,,윈느성형외과 (내부용) (https://www.notion.so/2ca286f326ff8024a64ef0dc1e189d2b?pvs=21),차예나 매니저
2025-11-24,,5,2,,https://gnun.link/comm/3666239,,,,,,,윈느성형외과 (내부용) (https://www.notion.so/2ca286f326ff8024a64ef0dc1e189d2b?pvs=21),오노 아키코 매니저
2025-11-24,,16,6,,https://gnun.link/comm/3666942,,,,,,,윈느성형외과 (내부용) (https://www.notion.so/2ca286f326ff8024a64ef0dc1e189d2b?pvs=21),오노 아키코 매니저
2025-11-20,,21,6,,https://gnun.link/comm/3660690,,,,,,,윈느성형외과 (내부용) (https://www.notion.so/2ca286f326ff8024a64ef0dc1e189d2b?pvs=21),오노 아키코 매니저
2025-11-20,,17,5,,https://gnun.link/comm/3660971,,,,,,,윈느성형외과 (내부용) (https://www.notion.so/2ca286f326ff8024a64ef0dc1e189d2b?pvs=21),오노 아키코 매니저
2025-11-20,,166,19,,https://cafe.naver.com/feko/10117876,가슴수술 결심🫢 병원 알아보기 시작,,,,,,윈느성형외과 (내부용) (https://www.notion.so/2ca286f326ff8024a64ef0dc1e189d2b?pvs=21),차예나 매니저
2025-11-19,,7,1,,https://gnun.link/comm/3658787,,,,,,,윈느성형외과 (내부용) (https://www.notion.so/2ca286f326ff8024a64ef0dc1e189d2b?pvs=21),오노 아키코 매니저
2025-11-19,,130,8,,https://cafe.naver.com/feko/10113532,가슴 재수술 받으신 분들,,,,,,윈느성형외과 (내부용) (https://www.notion.so/2ca286f326ff8024a64ef0dc1e189d2b?pvs=21),차예나 매니저
2025-11-18,,18,7,,https://gnun.link/comm/3656377,,,,,,,윈느성형외과 (내부용) (https://www.notion.so/2ca286f326ff8024a64ef0dc1e189d2b?pvs=21),오노 아키코 매니저
2025-11-17,,136,11,,https://cafe.naver.com/feko/10105548,다이어트 성공했더니 가슴이 실종됐어여...,,,,,,윈느성형외과 (내부용) (https://www.notion.so/2ca286f326ff8024a64ef0dc1e189d2b?pvs=21),차예나 매니저
2025-11-13,,228,20,,https://cafe.naver.com/feko/10092301,밥그릇으로 나오는게 싫어서 최대한 실력 좋은 원장님 찾는데,,,,,,윈느성형외과 (내부용) (https://www.notion.so/2ca286f326ff8024a64ef0dc1e189d2b?pvs=21),차예나 매니저
2025-11-12,,354,16,,https://cafe.naver.com/feko/10089049,마른몸도 찐가슴처럼 자연스럽게 빵빵해질 수 있을까요?,,,,,,윈느성형외과 (내부용) (https://www.notion.so/2ca286f326ff8024a64ef0dc1e189d2b?pvs=21),차예나 매니저
2025-11-11,,16,6,,https://gnun.link/comm/3643095,,,,,,,윈느성형외과 (내부용) (https://www.notion.so/2ca286f326ff8024a64ef0dc1e189d2b?pvs=21),오노 아키코 매니저
2025-11-11,,126,5,,https://cafe.naver.com/feko/10083040,비대칭이 너무 심해서 가슴재수술 하려는데요ㅜㅜ,,,,,,윈느성형외과 (내부용) (https://www.notion.so/2ca286f326ff8024a64ef0dc1e189d2b?pvs=21),차예나 매니저
2025-11-10,,158,18,,https://cafe.naver.com/feko/10081331,다들 가슴 어디서 하셨는지…..^^,,,,,,윈느성형외과 (내부용) (https://www.notion.so/2ca286f326ff8024a64ef0dc1e189d2b?pvs=21),차예나 매니저
2025-11-10,,14,4,,https://gnun.link/comm/3640259,,,,,,,윈느성형외과 (내부용) (https://www.notion.so/2ca286f326ff8024a64ef0dc1e189d2b?pvs=21),오노 아키코 매니저
2025-11-07,,22,10,,https://gnun.link/comm/3637541,,,,,,,윈느성형외과 (내부용) (https://www.notion.so/2ca286f326ff8024a64ef0dc1e189d2b?pvs=21),오노 아키코 매니저
2025-11-06,,140,9,,https://cafe.naver.com/feko/10070611,가슴만 전문으로 하는 병원 좀 알려주세요♥️,,,,,,윈느성형외과 (내부용) (https://www.notion.so/2ca286f326ff8024a64ef0dc1e189d2b?pvs=21),차예나 매니저
2025-11-05,,7,2,,https://gnun.link/comm/3633658,,,,,,,윈느성형외과 (내부용) (https://www.notion.so/2ca286f326ff8024a64ef0dc1e189d2b?pvs=21),오노 아키코 매니저
2025-10-31,,3,1,,https://gnun.link/comm/3624609,,,,,,,윈느성형외과 (내부용) (https://www.notion.so/2ca286f326ff8024a64ef0dc1e189d2b?pvs=21),오노 아키코 매니저
2025-10-30,,93,2,,https://cafe.naver.com/feko/10047828,뽕브라 탈출을 위해ㅜㅜ! 다음주에 가슴수술해요!,,,,,,윈느성형외과 (내부용) (https://www.notion.so/2ca286f326ff8024a64ef0dc1e189d2b?pvs=21),차예나 매니저
2025-10-30,,8,2,,https://gnun.link/comm/3622641,,,,,,,윈느성형외과 (내부용) (https://www.notion.so/2ca286f326ff8024a64ef0dc1e189d2b?pvs=21),오노 아키코 매니저
2025-10-30,,16,4,,https://gnun.link/comm/3622814,,,,,,,윈느성형외과 (내부용) (https://www.notion.so/2ca286f326ff8024a64ef0dc1e189d2b?pvs=21),오노 아키코 매니저
2025-10-30,,12,4,,https://gnun.link/comm/3623476,,,,,,,윈느성형외과 (내부용) (https://www.notion.so/2ca286f326ff8024a64ef0dc1e189d2b?pvs=21),오노 아키코 매니저
2025-10-30,,3,1,,https://gnun.link/comm/3625380,,,,,,,윈느성형외과 (내부용) (https://www.notion.so/2ca286f326ff8024a64ef0dc1e189d2b?pvs=21),오노 아키코 매니저
2025-10-30,,15,3,,https://gnun.link/comm/3623512,,,,,,,윈느성형외과 (내부용) (https://www.notion.so/2ca286f326ff8024a64ef0dc1e189d2b?pvs=21),오노 아키코 매니저
2025-10-30,,6,2,,https://gnun.link/comm/3623366,,,,,,,윈느성형외과 (내부용) (https://www.notion.so/2ca286f326ff8024a64ef0dc1e189d2b?pvs=21),오노 아키코 매니저
2025-10-29,,98,7,,https://cafe.naver.com/feko/10043321,가슴후기들 보는데 너무 부러워요,,,,,,윈느성형외과 (내부용) (https://www.notion.so/2ca286f326ff8024a64ef0dc1e189d2b?pvs=21),차예나 매니저
2025-10-29,,75,4,,https://cafe.naver.com/feko/10043930,가슴 네군데정도 상담 가보려고 하는데요!,,,,,,윈느성형외과 (내부용) (https://www.notion.so/2ca286f326ff8024a64ef0dc1e189d2b?pvs=21),차예나 매니저
2025-10-28,,9,1,,https://gnun.link/comm/3617742,,,,,,,윈느성형외과 (내부용) (https://www.notion.so/2ca286f326ff8024a64ef0dc1e189d2b?pvs=21),오노 아키코 매니저
2025-10-28,,161,25,,https://cafe.naver.com/feko/10037695,가슴 병원 알아보고 있어요,,,,,,윈느성형외과 (내부용) (https://www.notion.so/2ca286f326ff8024a64ef0dc1e189d2b?pvs=21),차예나 매니저
2025-10-28,,16,4,,https://gnun.link/comm/3617422,,,,,,,윈느성형외과 (내부용) (https://www.notion.so/2ca286f326ff8024a64ef0dc1e189d2b?pvs=21),오노 아키코 매니저
2025-10-28,,7,1,,https://gnun.link/comm/3618180,,,,,,,윈느성형외과 (내부용) (https://www.notion.so/2ca286f326ff8024a64ef0dc1e189d2b?pvs=21),오노 아키코 매니저
2025-10-27,,101,3,,https://cafe.naver.com/feko/10034604,이번주부터 담주까지 내내 가슴 상담 받으러 다니려고요!,,,,,,윈느성형외과 (내부용) (https://www.notion.so/2ca286f326ff8024a64ef0dc1e189d2b?pvs=21),차예나 매니저
2025-10-27,,15,9,,https://gnun.link/comm/3615366,,,,,,,윈느성형외과 (내부용) (https://www.notion.so/2ca286f326ff8024a64ef0dc1e189d2b?pvs=21),오노 아키코 매니저
2025-10-27,,148,27,,https://cafe.naver.com/feko/10033508,과한거 없이 자연스럽게 잘하는 병원으로 찾아봐요,,,,,,윈느성형외과 (내부용) (https://www.notion.so/2ca286f326ff8024a64ef0dc1e189d2b?pvs=21),차예나 매니저
2025-10-27,,20,9,,https://gnun.link/comm/3615413,,,,,,,윈느성형외과 (내부용) (https://www.notion.so/2ca286f326ff8024a64ef0dc1e189d2b?pvs=21),오노 아키코 매니저
2025-10-27,,6,1,,https://gnun.link/comm/3614905,,,,,,,윈느성형외과 (내부용) (https://www.notion.so/2ca286f326ff8024a64ef0dc1e189d2b?pvs=21),오노 아키코 매니저
2025-10-24,,8,3,,https://gnun.link/comm/3611758,,,,,,,윈느성형외과 (내부용) (https://www.notion.so/2ca286f326ff8024a64ef0dc1e189d2b?pvs=21),오노 아키코 매니저
2025-10-24,,8,3,,https://gnun.link/comm/3613193,,,,,,,윈느성형외과 (내부용) (https://www.notion.so/2ca286f326ff8024a64ef0dc1e189d2b?pvs=21),오노 아키코 매니저
2025-10-24,,321,13,,https://cafe.naver.com/feko/10028701,찐가슴처럼 볼륨 빵빵하게 살려주는데 찾아요,,,,,,윈느성형외과 (내부용) (https://www.notion.so/2ca286f326ff8024a64ef0dc1e189d2b?pvs=21),차예나 매니저
2025-10-23,,174,36,,https://cafe.naver.com/feko/10024263,가슴수술은 어디가 잘해요?,,,,,,윈느성형외과 (내부용) (https://www.notion.so/2ca286f326ff8024a64ef0dc1e189d2b?pvs=21),차예나 매니저
2025-10-22,,7,2,,https://gnun.link/comm/3607373,,,,,,,윈느성형외과 (내부용) (https://www.notion.so/2ca286f326ff8024a64ef0dc1e189d2b?pvs=21),오노 아키코 매니저
2025-10-22,,213,6,,https://cafe.naver.com/feko/10020723,첫수술 하고나서 짝짝이 너무 심해서 재수술 하신분들...,,,,,,윈느성형외과 (내부용) (https://www.notion.so/2ca286f326ff8024a64ef0dc1e189d2b?pvs=21),차예나 매니저
2025-10-21,,117,6,,https://cafe.naver.com/feko/10016196,최대한 키우더라도 자연스럽게 UU모양은 가능하죠?,,,,,,윈느성형외과 (내부용) (https://www.notion.so/2ca286f326ff8024a64ef0dc1e189d2b?pvs=21),차예나 매니저
2025-10-21,,6,3,,https://gnun.link/comm/3605078,,,,,,,윈느성형외과 (내부용) (https://www.notion.so/2ca286f326ff8024a64ef0dc1e189d2b?pvs=21),오노 아키코 매니저
2025-10-20,,18,8,,https://gnun.link/comm/3602247,,,,,,,윈느성형외과 (내부용) (https://www.notion.so/2ca286f326ff8024a64ef0dc1e189d2b?pvs=21),오노 아키코 매니저
2025-10-17,,15,5,,https://gnun.link/comm/3599468,,,,,,,윈느성형외과 (내부용) (https://www.notion.so/2ca286f326ff8024a64ef0dc1e189d2b?pvs=21),오노 아키코 매니저
2025-10-17,,9,3,,https://gnun.link/comm/3598988,,,,,,,윈느성형외과 (내부용) (https://www.notion.so/2ca286f326ff8024a64ef0dc1e189d2b?pvs=21),오노 아키코 매니저
2025-10-16,,14,1,,https://gnun.link/comm/3596261,,,,,,,윈느성형외과 (내부용) (https://www.notion.so/2ca286f326ff8024a64ef0dc1e189d2b?pvs=21),오노 아키코 매니저
2025-10-16,,150,18,,https://cafe.naver.com/feko/10000166,다들 어디서 수술 받으셨어요?,,,,,,윈느성형외과 (내부용) (https://www.notion.so/2ca286f326ff8024a64ef0dc1e189d2b?pvs=21),차예나 매니저
2025-10-16,,6,3,,https://gnun.link/comm/3596364,,,,,,,윈느성형외과 (내부용) (https://www.notion.so/2ca286f326ff8024a64ef0dc1e189d2b?pvs=21),오노 아키코 매니저
2025-10-15,,107,7,,https://cafe.naver.com/feko/9995092,가슴후기 찾아보면서 정보 알아보고 있어요ㅠ,,,,,,윈느성형외과 (내부용) (https://www.notion.so/2ca286f326ff8024a64ef0dc1e189d2b?pvs=21),차예나 매니저
2025-10-15,,13,3,,https://gnun.link/comm/3594950,,,,,,,윈느성형외과 (내부용) (https://www.notion.so/2ca286f326ff8024a64ef0dc1e189d2b?pvs=21),오노 아키코 매니저
2025-10-15,,139,15,,https://cafe.naver.com/feko/9995513,가슴 보형물 이벤트 하는 병원 어딧을까여,,,,,,윈느성형외과 (내부용) (https://www.notion.so/2ca286f326ff8024a64ef0dc1e189d2b?pvs=21),차예나 매니저
2025-10-15,,10,5,,https://gnun.link/comm/3593911,,,,,,,윈느성형외과 (내부용) (https://www.notion.so/2ca286f326ff8024a64ef0dc1e189d2b?pvs=21),오노 아키코 매니저
2025-10-14,,131,8,,https://cafe.naver.com/feko/9991208,가슴재수술 고민중 좌우 비대칭이 심해요ㅜ^ㅜ,,,,,,윈느성형외과 (내부용) (https://www.notion.so/2ca286f326ff8024a64ef0dc1e189d2b?pvs=21),차예나 매니저
2025-10-14,,104,9,,https://cafe.naver.com/feko/9988963,풀로 가득 채우고 싶은데 자연스럽게 가능할까요 흑귷ㄱ,,,,,,윈느성형외과 (내부용) (https://www.notion.so/2ca286f326ff8024a64ef0dc1e189d2b?pvs=21),차예나 매니저
2025-10-13,,7,3,,https://gnun.link/comm/3589072,,,,,,,윈느성형외과 (내부용) (https://www.notion.so/2ca286f326ff8024a64ef0dc1e189d2b?pvs=21),오노 아키코 매니저
2025-10-13,,6,1,,https://gnun.link/comm/3589100,,,,,,,윈느성형외과 (내부용) (https://www.notion.so/2ca286f326ff8024a64ef0dc1e189d2b?pvs=21),오노 아키코 매니저
2025-10-10,,11,1,,https://gnun.link/comm/3585668,,,,,,,윈느성형외과 (내부용) (https://www.notion.so/2ca286f326ff8024a64ef0dc1e189d2b?pvs=21),오노 아키코 매니저
2025-10-10,,8,1,,https://gnun.link/comm/3585544,,,,,,,윈느성형외과 (내부용) (https://www.notion.so/2ca286f326ff8024a64ef0dc1e189d2b?pvs=21),오노 아키코 매니저
2025-10-03,,150,8,,https://cafe.naver.com/feko/9969312,연휴내내 가슴후기 보면서 병원 찾아보려고요!,,,,,,윈느성형외과 (내부용) (https://www.notion.so/2ca286f326ff8024a64ef0dc1e189d2b?pvs=21),차예나 매니저
2025-10-02,,7,3,,https://gnun.link/comm/3580723,,,,,,,윈느성형외과 (내부용) (https://www.notion.so/2ca286f326ff8024a64ef0dc1e189d2b?pvs=21),오노 아키코 매니저
2025-10-02,,18,3,,https://gnun.link/comm/3581129,,,,,,,윈느성형외과 (내부용) (https://www.notion.so/2ca286f326ff8024a64ef0dc1e189d2b?pvs=21),오노 아키코 매니저
2025-09-29,,6,2,,https://gnun.link/comm/3573752,,,,,,,윈느성형외과 (내부용) (https://www.notion.so/2ca286f326ff8024a64ef0dc1e189d2b?pvs=21),오노 아키코 매니저
2025-09-29,,5,2,,https://gnun.link/comm/3573328,,,,,,,윈느성형외과 (내부용) (https://www.notion.so/2ca286f326ff8024a64ef0dc1e189d2b?pvs=21),오노 아키코 매니저
2025-09-29,,2,2,,https://gnun.link/comm/3573160,,,,,,,윈느성형외과 (내부용) (https://www.notion.so/2ca286f326ff8024a64ef0dc1e189d2b?pvs=21),오노 아키코 매니저
2025-09-29,,5,2,,https://gnun.link/comm/3573642,,,,,,,윈느성형외과 (내부용) (https://www.notion.so/2ca286f326ff8024a64ef0dc1e189d2b?pvs=21),오노 아키코 매니저
2025-09-26,,6,2,,https://gnun.link/comm/3570300,,,,,,,윈느성형외과 (내부용) (https://www.notion.so/2ca286f326ff8024a64ef0dc1e189d2b?pvs=21),오노 아키코 매니저
2025-09-26,,4,1,,https://gnun.link/comm/3570011,,,,,,,윈느성형외과 (내부용) (https://www.notion.so/2ca286f326ff8024a64ef0dc1e189d2b?pvs=21),오노 아키코 매니저
2025-09-26,,4,1,,https://gnun.link/comm/3570505,,,,,,,윈느성형외과 (내부용) (https://www.notion.so/2ca286f326ff8024a64ef0dc1e189d2b?pvs=21),오노 아키코 매니저
2025-09-25,,4,6,,https://gnun.link/comm/3567822,,,,,,,윈느성형외과 (내부용) (https://www.notion.so/2ca286f326ff8024a64ef0dc1e189d2b?pvs=21),오노 아키코 매니저
2025-09-25,,4,10,,https://gnun.link/comm/3567795,,,,,,,윈느성형외과 (내부용) (https://www.notion.so/2ca286f326ff8024a64ef0dc1e189d2b?pvs=21),오노 아키코 매니저
2025-09-25,,188,16,,https://cafe.naver.com/feko/9944813,가슴 전문으로 하는 병원요ㅠㅠ,,,,,,윈느성형외과 (내부용) (https://www.notion.so/2ca286f326ff8024a64ef0dc1e189d2b?pvs=21),차예나 매니저
2025-09-24,,210,12,,https://cafe.naver.com/feko/9941034,가슴만 전문으로 하면서 UU모양 자연스러운 곳들...,,,,,,윈느성형외과 (내부용) (https://www.notion.so/2ca286f326ff8024a64ef0dc1e189d2b?pvs=21),차예나 매니저
2025-09-24,,3,1,,https://gnun.link/comm/3565180,,,,,,,윈느성형외과 (내부용) (https://www.notion.so/2ca286f326ff8024a64ef0dc1e189d2b?pvs=21),오노 아키코 매니저
2025-09-24,,2,6,,https://gnun.link/comm/3565060,,,,,,,윈느성형외과 (내부용) (https://www.notion.so/2ca286f326ff8024a64ef0dc1e189d2b?pvs=21),오노 아키코 매니저
2025-09-23,,8,2,,https://gnun.link/comm/3562915,,,,,,,윈느성형외과 (내부용) (https://www.notion.so/2ca286f326ff8024a64ef0dc1e189d2b?pvs=21),오노 아키코 매니저
2025-09-22,,16,5,,https://gnun.link/comm/3561038,,,,,,,윈느성형외과 (내부용) (https://www.notion.so/2ca286f326ff8024a64ef0dc1e189d2b?pvs=21),오노 아키코 매니저
2025-09-22,,234,5,,https://cafe.naver.com/feko/9930729,촉감 불만으로 가슴 재수술 하신 분........,,,,,,윈느성형외과 (내부용) (https://www.notion.so/2ca286f326ff8024a64ef0dc1e189d2b?pvs=21),차예나 매니저
2025-09-19,,8,19,,https://gnun.link/comm/3557129,,,,,,,윈느성형외과 (내부용) (https://www.notion.so/2ca286f326ff8024a64ef0dc1e189d2b?pvs=21),오노 아키코 매니저
2025-09-18,,2,1,,https://gnun.link/comm/3554443,,,,,,,윈느성형외과 (내부용) (https://www.notion.so/2ca286f326ff8024a64ef0dc1e189d2b?pvs=21),오노 아키코 매니저
2025-09-18,,118,11,,https://cafe.naver.com/feko/9920204,가슴병원 손품파는거도 어려운건 마찬가지네요ㅠㅠ,,,,,,윈느성형외과 (내부용) (https://www.notion.so/2ca286f326ff8024a64ef0dc1e189d2b?pvs=21),차예나 매니저
2025-09-17,,5,2,,https://gnun.link/comm/3552261,,,,,,,윈느성형외과 (내부용) (https://www.notion.so/2ca286f326ff8024a64ef0dc1e189d2b?pvs=21),오노 아키코 매니저
2025-09-16,,3,2,,https://gnun.link/comm/3549770,,,,,,,윈느성형외과 (내부용) (https://www.notion.so/2ca286f326ff8024a64ef0dc1e189d2b?pvs=21),오노 아키코 매니저
2025-09-16,,8,2,,https://gnun.link/comm/3549683,,,,,,,윈느성형외과 (내부용) (https://www.notion.so/2ca286f326ff8024a64ef0dc1e189d2b?pvs=21),오노 아키코 매니저
2025-09-11,,10,3,,https://gnun.link/comm/3541715,,,,,,,윈느성형외과 (내부용) (https://www.notion.so/2ca286f326ff8024a64ef0dc1e189d2b?pvs=21),오노 아키코 매니저
2025-09-11,,178,23,,https://cafe.naver.com/feko/9893506,UU모양 체형에 맞게 자연스럽게 만들어주는 병원들ㅠㅠ,,,,,,윈느성형외과 (내부용) (https://www.notion.so/2ca286f326ff8024a64ef0dc1e189d2b?pvs=21),차예나 매니저
2025-09-11,,10,2,,https://gnun.link/comm/3541538,,,,,,,윈느성형외과 (내부용) (https://www.notion.so/2ca286f326ff8024a64ef0dc1e189d2b?pvs=21),오노 아키코 매니저
2025-09-10,,5,1,,https://gnun.link/comm/3539177,,,,,,,윈느성형외과 (내부용) (https://www.notion.so/2ca286f326ff8024a64ef0dc1e189d2b?pvs=21),오노 아키코 매니저
2025-09-09,,12,3,,https://gnun.link/comm/3537370,,,,,,,윈느성형외과 (내부용) (https://www.notion.so/2ca286f326ff8024a64ef0dc1e189d2b?pvs=21),오노 아키코 매니저
2025-09-08,,134,10,,https://cafe.naver.com/feko/9880943,자연스럽게 UU모양으로 잘해주는 곳,,,,,,윈느성형외과 (내부용) (https://www.notion.so/2ca286f326ff8024a64ef0dc1e189d2b?pvs=21),차예나 매니저
2025-09-08,,6,3,,https://gnun.link/comm/3534792,,,,,,,윈느성형외과 (내부용) (https://www.notion.so/2ca286f326ff8024a64ef0dc1e189d2b?pvs=21),오노 아키코 매니저
2025-09-05,,3,2,,https://gnun.link/comm/3531908,,,,,,,윈느성형외과 (내부용) (https://www.notion.so/2ca286f326ff8024a64ef0dc1e189d2b?pvs=21),오노 아키코 매니저
2025-09-04,,15,3,,https://gnun.link/comm/3529091,,,,,,,윈느성형외과 (내부용) (https://www.notion.so/2ca286f326ff8024a64ef0dc1e189d2b?pvs=21),오노 아키코 매니저
2025-09-04,,13,3,,https://gnun.link/comm/3529189,,,,,,,윈느성형외과 (내부용) (https://www.notion.so/2ca286f326ff8024a64ef0dc1e189d2b?pvs=21),오노 아키코 매니저
2025-09-03,,138,9,,https://cafe.naver.com/feko/9865057,가슴수술 하려고 전문으로 하는 병원!,,,,,,윈느성형외과 (내부용) (https://www.notion.so/2ca286f326ff8024a64ef0dc1e189d2b?pvs=21),차예나 매니저
2025-09-03,,5,1,,https://gnun.link/comm/3527176,,,,,,,윈느성형외과 (내부용) (https://www.notion.so/2ca286f326ff8024a64ef0dc1e189d2b?pvs=21),오노 아키코 매니저
2025-09-03,,14,5,,https://gnun.link/comm/3527293,,,,,,,윈느성형외과 (내부용) (https://www.notion.so/2ca286f326ff8024a64ef0dc1e189d2b?pvs=21),오노 아키코 매니저
2025-09-02,,11,3,,https://gnun.link/comm/3524635,,,,,,,윈느성형외과 (내부용) (https://www.notion.so/2ca286f326ff8024a64ef0dc1e189d2b?pvs=21),오노 아키코 매니저
2025-09-02,,28,7,,https://gnun.link/comm/3524954,,,,,,,윈느성형외과 (내부용) (https://www.notion.so/2ca286f326ff8024a64ef0dc1e189d2b?pvs=21),오노 아키코 매니저
2025-09-02,,87,8,,https://cafe.naver.com/feko/9862651,가슴 모양 자연스럽게 잘 해주는 병원이요,,,,,,윈느성형외과 (내부용) (https://www.notion.so/2ca286f326ff8024a64ef0dc1e189d2b?pvs=21),차예나 매니저
2025-09-01,,91,1,,https://cafe.naver.com/feko/9858485,정말 오래전부터 고민해오던 가슴수술 결심..,,,,,,윈느성형외과 (내부용) (https://www.notion.so/2ca286f326ff8024a64ef0dc1e189d2b?pvs=21),차예나 매니저
2025-08-29,,115,3,,https://cafe.naver.com/feko/9851345,강남 가슴수술 유명한 병원,,,,,,윈느성형외과 (내부용) (https://www.notion.so/2ca286f326ff8024a64ef0dc1e189d2b?pvs=21),차예나 매니저
2025-08-29,,,,,https://gnun.link/comm/3520144,,,,,,,윈느성형외과 (내부용) (https://www.notion.so/2ca286f326ff8024a64ef0dc1e189d2b?pvs=21),오노 아키코 매니저
2025-08-28,,6,4,,https://gnun.link/comm/3517197,,,,,,,윈느성형외과 (내부용) (https://www.notion.so/2ca286f326ff8024a64ef0dc1e189d2b?pvs=21),오노 아키코 매니저
2025-08-28,,5,3,,https://gnun.link/comm/3517112,,,,,,,윈느성형외과 (내부용) (https://www.notion.so/2ca286f326ff8024a64ef0dc1e189d2b?pvs=21),오노 아키코 매니저
2025-08-28,,220,2,,https://cafe.naver.com/feko/9847661,이번 추석연휴끼고 가슴수술 가능할까요?,,,,,,윈느성형외과 (내부용) (https://www.notion.so/2ca286f326ff8024a64ef0dc1e189d2b?pvs=21),차예나 매니저
2025-08-28,,12,5,,https://gnun.link/comm/3517576,,,,,,,윈느성형외과 (내부용) (https://www.notion.so/2ca286f326ff8024a64ef0dc1e189d2b?pvs=21),오노 아키코 매니저
2025-08-28,,10,3,,https://gnun.link/comm/3517381,,,,,,,윈느성형외과 (내부용) (https://www.notion.so/2ca286f326ff8024a64ef0dc1e189d2b?pvs=21),오노 아키코 매니저
2025-08-27,,116,11,,https://cafe.naver.com/feko/9842827,손품 더 팔아보면서 가슴병원 알아보고 있어요,,,,,,윈느성형외과 (내부용) (https://www.notion.so/2ca286f326ff8024a64ef0dc1e189d2b?pvs=21),차예나 매니저
2025-08-27,,3,2,,https://gnun.link/comm/3514553,,,,,,,윈느성형외과 (내부용) (https://www.notion.so/2ca286f326ff8024a64ef0dc1e189d2b?pvs=21),오노 아키코 매니저
2025-08-26,,4,2,,https://gnun.link/comm/3512374,,,,,,,윈느성형외과 (내부용) (https://www.notion.so/2ca286f326ff8024a64ef0dc1e189d2b?pvs=21),오노 아키코 매니저
2025-08-26,,137,8,,https://cafe.naver.com/feko/9838088,흉통이 작아도 가슴수술 가능하다고 해서 병원 알아봐요ㅜㅜ!,,,,,,윈느성형외과 (내부용) (https://www.notion.so/2ca286f326ff8024a64ef0dc1e189d2b?pvs=21),차예나 매니저
2025-08-26,,22,6,,https://gnun.link/comm/3512686,,,,,,,윈느성형외과 (내부용) (https://www.notion.so/2ca286f326ff8024a64ef0dc1e189d2b?pvs=21),오노 아키코 매니저
2025-08-26,,9,2,,https://gnun.link/comm/3512548,,,,,,,윈느성형외과 (내부용) (https://www.notion.so/2ca286f326ff8024a64ef0dc1e189d2b?pvs=21),오노 아키코 매니저
2025-08-25,,6,3,,https://gnun.link/comm/3509779,,,,,,,윈느성형외과 (내부용) (https://www.notion.so/2ca286f326ff8024a64ef0dc1e189d2b?pvs=21),오노 아키코 매니저
2025-08-25,,8,2,,https://gnun.link/comm/3509756,,,,,,,윈느성형외과 (내부용) (https://www.notion.so/2ca286f326ff8024a64ef0dc1e189d2b?pvs=21),오노 아키코 매니저
2025-08-25,,115,7,,https://cafe.naver.com/feko/9833512,요즘 가슴도 자연스럽게 UIU모양으로 잘해주는거 같은데,,,,,,윈느성형외과 (내부용) (https://www.notion.so/2ca286f326ff8024a64ef0dc1e189d2b?pvs=21),차예나 매니저
2025-08-25,,4,1,,https://gnun.link/comm/3509810,,,,,,,윈느성형외과 (내부용) (https://www.notion.so/2ca286f326ff8024a64ef0dc1e189d2b?pvs=21),오노 아키코 매니저
2025-08-22,,17,4,,https://gnun.link/comm/3506963,,,,,,,윈느성형외과 (내부용) (https://www.notion.so/2ca286f326ff8024a64ef0dc1e189d2b?pvs=21),오노 아키코 매니저
2025-08-22,,9,4,,https://gnun.link/comm/3506913,,,,,,,윈느성형외과 (내부용) (https://www.notion.so/2ca286f326ff8024a64ef0dc1e189d2b?pvs=21),오노 아키코 매니저
2025-08-22,,4,1,,https://gnun.link/comm/3506825,,,,,,,윈느성형외과 (내부용) (https://www.notion.so/2ca286f326ff8024a64ef0dc1e189d2b?pvs=21),오노 아키코 매니저
2025-08-21,,22,3,,https://gnun.link/comm/3504587,,,,,,,윈느성형외과 (내부용) (https://www.notion.so/2ca286f326ff8024a64ef0dc1e189d2b?pvs=21),오노 아키코 매니저
2025-08-21,,20,4,,https://gnun.link/comm/3504528,,,,,,,윈느성형외과 (내부용) (https://www.notion.so/2ca286f326ff8024a64ef0dc1e189d2b?pvs=21),오노 아키코 매니저
2025-08-20,,8,2,,https://gnun.link/comm/3501918,,,,,,,윈느성형외과 (내부용) (https://www.notion.so/2ca286f326ff8024a64ef0dc1e189d2b?pvs=21),오노 아키코 매니저
2025-08-20,,4,2,,https://gnun.link/comm/3501964,,,,,,,윈느성형외과 (내부용) (https://www.notion.so/2ca286f326ff8024a64ef0dc1e189d2b?pvs=21),오노 아키코 매니저
2025-08-20,,25,5,,https://gnun.link/comm/3502099,,,,,,,윈느성형외과 (내부용) (https://www.notion.so/2ca286f326ff8024a64ef0dc1e189d2b?pvs=21),오노 아키코 매니저
2025-08-19,,10,5,,https://gnun.link/comm/3499646,,,,,,,윈느성형외과 (내부용) (https://www.notion.so/2ca286f326ff8024a64ef0dc1e189d2b?pvs=21),오노 아키코 매니저
2025-08-19,,8,3,,https://gnun.link/comm/3500614,,,,,,,윈느성형외과 (내부용) (https://www.notion.so/2ca286f326ff8024a64ef0dc1e189d2b?pvs=21),오노 아키코 매니저
2025-08-19,,10,2,,https://gnun.link/comm/3500980,,,,,,,윈느성형외과 (내부용) (https://www.notion.so/2ca286f326ff8024a64ef0dc1e189d2b?pvs=21),오노 아키코 매니저
2025-08-18,,9,1,,https://gnun.link/comm/3497297,,,,,,,윈느성형외과 (내부용) (https://www.notion.so/2ca286f326ff8024a64ef0dc1e189d2b?pvs=21),오노 아키코 매니저
2025-08-18,,9,2,,https://gnun.link/comm/3497403,,,,,,,윈느성형외과 (내부용) (https://www.notion.so/2ca286f326ff8024a64ef0dc1e189d2b?pvs=21),오노 아키코 매니저
2025-08-13,,5,2,,https://gnun.link/comm/3491339,,,,,,,윈느성형외과 (내부용) (https://www.notion.so/2ca286f326ff8024a64ef0dc1e189d2b?pvs=21),오노 아키코 매니저
2025-08-13,,174,6,,https://cafe.naver.com/feko/9796094,A컵에서 D로 자연스럽게 수술 가능할까요ㅜㅜ,,,,,,윈느성형외과 (내부용) (https://www.notion.so/2ca286f326ff8024a64ef0dc1e189d2b?pvs=21),차예나 매니저
2025-08-12,,135,17,,https://cafe.naver.com/feko/9791700,가슴대칭 잘맞춰주는 원장님ㅜㅜ! 제가 자산이 없어요,,,,,,윈느성형외과 (내부용) (https://www.notion.so/2ca286f326ff8024a64ef0dc1e189d2b?pvs=21),차예나 매니저
2025-08-12,,19,4,,https://gnun.link/comm/3490340,,,,,,,윈느성형외과 (내부용) (https://www.notion.so/2ca286f326ff8024a64ef0dc1e189d2b?pvs=21),오노 아키코 매니저
2025-08-11,,9,1,,https://gnun.link/comm/3486449,,,,,,,윈느성형외과 (내부용) (https://www.notion.so/2ca286f326ff8024a64ef0dc1e189d2b?pvs=21),오노 아키코 매니저
2025-08-08,,10,2,,https://gnun.link/comm/3483250,,,,,,,윈느성형외과 (내부용) (https://www.notion.so/2ca286f326ff8024a64ef0dc1e189d2b?pvs=21),오노 아키코 매니저
2025-08-07,,12,4,,https://gnun.link/comm/3482278,,,,,,,윈느성형외과 (내부용) (https://www.notion.so/2ca286f326ff8024a64ef0dc1e189d2b?pvs=21),오노 아키코 매니저
2025-08-05,,0,0,,https://cafe.naver.com/feko/9767173,,,,,,,윈느성형외과 (내부용) (https://www.notion.so/2ca286f326ff8024a64ef0dc1e189d2b?pvs=21),차예나 매니저
2025-08-05,,0,0,,https://cafe.naver.com/feko/9767267,,,,,,,윈느성형외과 (내부용) (https://www.notion.so/2ca286f326ff8024a64ef0dc1e189d2b?pvs=21),차예나 매니저
2025-08-04,,159,6,,https://cafe.naver.com/feko/9763511,가슴전문으로 UIU가슴 자연스럽게 해주는 병원들이요,,,,,,윈느성형외과 (내부용) (https://www.notion.so/2ca286f326ff8024a64ef0dc1e189d2b?pvs=21),차예나 매니저
2025-08-04,,17,5,,https://gnun.link/comm/3475232,,,,,,,윈느성형외과 (내부용) (https://www.notion.so/2ca286f326ff8024a64ef0dc1e189d2b?pvs=21),오노 아키코 매니저
2025-08-04,,226,17,,https://cafe.naver.com/feko/9763540,마취과전문의 있는 가슴수술 잘하는 병원 더 있을까용!,,,,,,윈느성형외과 (내부용) (https://www.notion.so/2ca286f326ff8024a64ef0dc1e189d2b?pvs=21),차예나 매니저
2025-07-31,,0,1,,https://gnun.link/comm/3469396,,,,,,,윈느성형외과 (내부용) (https://www.notion.so/2ca286f326ff8024a64ef0dc1e189d2b?pvs=21),오노 아키코 매니저
2025-07-30,,82,4,,https://cafe.naver.com/feko/9747559,확대 상담 받아보려고 가슴병원 보는데요,,,,,,윈느성형외과 (내부용) (https://www.notion.so/2ca286f326ff8024a64ef0dc1e189d2b?pvs=21),차예나 매니저
2025-07-30,,2,1,,https://gnun.link/comm/3466795,,,,,,,윈느성형외과 (내부용) (https://www.notion.so/2ca286f326ff8024a64ef0dc1e189d2b?pvs=21),오노 아키코 매니저
2025-07-30,,5,1,,https://gnun.link/comm/3467375,,,,,,,윈느성형외과 (내부용) (https://www.notion.so/2ca286f326ff8024a64ef0dc1e189d2b?pvs=21),오노 아키코 매니저
2025-07-30,,8,1,,https://gnun.link/comm/3466726,,,,,,,윈느성형외과 (내부용) (https://www.notion.so/2ca286f326ff8024a64ef0dc1e189d2b?pvs=21),오노 아키코 매니저
2025-07-30,,3,1,,https://gnun.link/comm/3466637,,,,,,,윈느성형외과 (내부용) (https://www.notion.so/2ca286f326ff8024a64ef0dc1e189d2b?pvs=21),오노 아키코 매니저
2025-07-30,,3,1,,https://gnun.link/comm/3467486,,,,,,,윈느성형외과 (내부용) (https://www.notion.so/2ca286f326ff8024a64ef0dc1e189d2b?pvs=21),오노 아키코 매니저
2025-07-29,,2,1,,https://gnun.link/comm/3464433,,,,,,,윈느성형외과 (내부용) (https://www.notion.so/2ca286f326ff8024a64ef0dc1e189d2b?pvs=21),오노 아키코 매니저
2025-07-29,,5,1,,https://gnun.link/comm/3465526,,,,,,,윈느성형외과 (내부용) (https://www.notion.so/2ca286f326ff8024a64ef0dc1e189d2b?pvs=21),오노 아키코 매니저
2025-07-29,,7,2,,https://gnun.link/comm/3465738,,,,,,,윈느성형외과 (내부용) (https://www.notion.so/2ca286f326ff8024a64ef0dc1e189d2b?pvs=21),오노 아키코 매니저
2025-07-29,,,,,,자산이 너무 없어서 자연스럽게 가슴수술 하고싶은데요!,,,,,,윈느성형외과 (내부용) (https://www.notion.so/2ca286f326ff8024a64ef0dc1e189d2b?pvs=21),차예나 매니저
2025-07-28,,168,10,,https://cafe.naver.com/feko/9739628,가슴수술 너무 하고싶은데 병원ㅜㅜ,,,,,,윈느성형외과 (내부용) (https://www.notion.so/2ca286f326ff8024a64ef0dc1e189d2b?pvs=21),차예나 매니저
2025-07-28,,9,3,,https://gnun.link/comm/3462929,,,,,,,윈느성형외과 (내부용) (https://www.notion.so/2ca286f326ff8024a64ef0dc1e189d2b?pvs=21),오노 아키코 매니저
2025-07-28,,18,10,,https://gnun.link/comm/3463010,,,,,,,윈느성형외과 (내부용) (https://www.notion.so/2ca286f326ff8024a64ef0dc1e189d2b?pvs=21),오노 아키코 매니저
2025-07-28,,4,2,,https://gnun.link/comm/3463125,,,,,,,윈느성형외과 (내부용) (https://www.notion.so/2ca286f326ff8024a64ef0dc1e189d2b?pvs=21),오노 아키코 매니저
2025-07-25,,192,15,,https://cafe.naver.com/feko/9733877,사이즈 자연스럽게 키우고 싶어서 가슴수술 병원 알아보고 있어요,,,,,,윈느성형외과 (내부용) (https://www.notion.so/2ca286f326ff8024a64ef0dc1e189d2b?pvs=21),차예나 매니저
2025-07-25,,18,3,,https://gnun.link/comm/3460384,,,,,,,윈느성형외과 (내부용) (https://www.notion.so/2ca286f326ff8024a64ef0dc1e189d2b?pvs=21),오노 아키코 매니저
2025-07-24,,14,3,,https://gnun.link/comm/3458589,,,,,,,윈느성형외과 (내부용) (https://www.notion.so/2ca286f326ff8024a64ef0dc1e189d2b?pvs=21),오노 아키코 매니저
2025-07-23,,14,11,,https://gnun.link/comm/3455453,,,,,,,윈느성형외과 (내부용) (https://www.notion.so/2ca286f326ff8024a64ef0dc1e189d2b?pvs=21),"오노 아키코 매니저,오노 아키코 매니저"
2025-07-23,,14,11,,https://gnun.link/comm/3456242,,,,,,,윈느성형외과 (내부용) (https://www.notion.so/2ca286f326ff8024a64ef0dc1e189d2b?pvs=21),오노 아키코 매니저
2025-07-22,,10,3,,https://gnun.link/comm/3453300,,,,,,,윈느성형외과 (내부용) (https://www.notion.so/2ca286f326ff8024a64ef0dc1e189d2b?pvs=21),오노 아키코 매니저
2025-07-22,,323,13,,https://cafe.naver.com/feko/9720937,가슴수술 잘하는 병원 궁금해요,,,,,,윈느성형외과 (내부용) (https://www.notion.so/2ca286f326ff8024a64ef0dc1e189d2b?pvs=21),차예나 매니저
2025-07-21,,6,3,,https://gnun.link/comm/3451349,,,,,,,윈느성형외과 (내부용) (https://www.notion.so/2ca286f326ff8024a64ef0dc1e189d2b?pvs=21),오노 아키코 매니저
2025-07-21,,103,9,,https://cafe.naver.com/feko/9716400,짝짝이 가슴이라 분석 잘해주는 병원으로 가보려는데요,,,,,,윈느성형외과 (내부용) (https://www.notion.so/2ca286f326ff8024a64ef0dc1e189d2b?pvs=21),차예나 매니저
2025-07-18,,25,3,,https://gnun.link/comm/3447342,,,,,,,윈느성형외과 (내부용) (https://www.notion.so/2ca286f326ff8024a64ef0dc1e189d2b?pvs=21),오노 아키코 매니저
2025-07-18,,143,2,,https://cafe.naver.com/feko/9709886,윈느성형외과에서 가슴하신 분들?,,,,,,윈느성형외과 (내부용) (https://www.notion.so/2ca286f326ff8024a64ef0dc1e189d2b?pvs=21),차예나 매니저
2025-07-18,,289,11,,https://cafe.naver.com/feko/9709834,가슴수술 병원 추천 좀 부탁드려요🙏,,,,,,윈느성형외과 (내부용) (https://www.notion.so/2ca286f326ff8024a64ef0dc1e189d2b?pvs=21),차예나 매니저
2025-07-17,,134,13,,https://cafe.naver.com/feko/9705476,가슴만 전문으로 하는 원장님 좀 알고싶어요!,,,,,,윈느성형외과 (내부용) (https://www.notion.so/2ca286f326ff8024a64ef0dc1e189d2b?pvs=21),차예나 매니저
2025-07-17,,156,8,,https://cafe.naver.com/feko/9705369,가슴이 작아 미치겠어요,,,,,,윈느성형외과 (내부용) (https://www.notion.so/2ca286f326ff8024a64ef0dc1e189d2b?pvs=21),차예나 매니저
2025-07-16,,176,19,,https://cafe.naver.com/feko/9701164,UIU가슴 자연스러운 느낌으로 해주는 병원 찾아요,,,,,,윈느성형외과 (내부용) (https://www.notion.so/2ca286f326ff8024a64ef0dc1e189d2b?pvs=21),차예나 매니저
2025-07-15,,6,1,,https://gnun.link/comm/3440702,,,,,,,윈느성형외과 (내부용) (https://www.notion.so/2ca286f326ff8024a64ef0dc1e189d2b?pvs=21),오노 아키코 매니저
2025-07-15,,125,11,,https://cafe.naver.com/feko/9696876,뽕브라 탈출하고 싶은데 병원은 어디로 가보면 좋을지ㅜ,,,,,,윈느성형외과 (내부용) (https://www.notion.so/2ca286f326ff8024a64ef0dc1e189d2b?pvs=21),차예나 매니저
2025-07-15,,108,4,,https://cafe.naver.com/feko/9696940,가슴수술 상담전에 꼭 알아야 할것들이 있나요,,,,,,윈느성형외과 (내부용) (https://www.notion.so/2ca286f326ff8024a64ef0dc1e189d2b?pvs=21),차예나 매니저
2025-07-14,,154,2,,https://cafe.naver.com/feko/9692135,출산 후 가슴이 너무 처졌는데.. 서울에 성형외과요,,,,,,윈느성형외과 (내부용) (https://www.notion.so/2ca286f326ff8024a64ef0dc1e189d2b?pvs=21),차예나 매니저
2025-07-14,,210,15,,https://cafe.naver.com/feko/9692008,가슴수술하신 분들 보형물 뭐 넣으셨어요?,,,,,,윈느성형외과 (내부용) (https://www.notion.so/2ca286f326ff8024a64ef0dc1e189d2b?pvs=21),차예나 매니저
2025-07-10,,17,3,,https://gnun.link/comm/3433467,,,,,,,윈느성형외과 (내부용) (https://www.notion.so/2ca286f326ff8024a64ef0dc1e189d2b?pvs=21),오노 아키코 매니저
2025-07-10,,14,3,,https://gnun.link/comm/3433509,,,,,,,윈느성형외과 (내부용) (https://www.notion.so/2ca286f326ff8024a64ef0dc1e189d2b?pvs=21),오노 아키코 매니저
2025-07-09,,8,1,,https://gnun.link/comm/3430731,,,,,,,윈느성형외과 (내부용) (https://www.notion.so/2ca286f326ff8024a64ef0dc1e189d2b?pvs=21),오노 아키코 매니저
2025-07-09,,95,4,,https://cafe.naver.com/feko/9677306,바람 빠진것처럼 작아진 가슴 때문에 발품 가보려고요ㅜㅜ,,,,,,윈느성형외과 (내부용) (https://www.notion.so/2ca286f326ff8024a64ef0dc1e189d2b?pvs=21),차예나 매니저
2025-07-09,,0,0,,https://cafe.naver.com/feko/9677227,,,,,,,윈느성형외과 (내부용) (https://www.notion.so/2ca286f326ff8024a64ef0dc1e189d2b?pvs=21),차예나 매니저
2025-07-09,,15,3,,https://gnun.link/comm/3430010,,,,,,,윈느성형외과 (내부용) (https://www.notion.so/2ca286f326ff8024a64ef0dc1e189d2b?pvs=21),오노 아키코 매니저
2025-07-08,,10,2,,https://gnun.link/comm/3428627,,,,,,,윈느성형외과 (내부용) (https://www.notion.so/2ca286f326ff8024a64ef0dc1e189d2b?pvs=21),오노 아키코 매니저
2025-07-08,,132,11,,https://cafe.naver.com/feko/9672491,올해 가슴수술을 받을까 생각중인데요,,,,,,윈느성형외과 (내부용) (https://www.notion.so/2ca286f326ff8024a64ef0dc1e189d2b?pvs=21),차예나 매니저
2025-07-08,,7,2,,https://gnun.link/comm/3427837,,,,,,,윈느성형외과 (내부용) (https://www.notion.so/2ca286f326ff8024a64ef0dc1e189d2b?pvs=21),오노 아키코 매니저
2025-07-07,,10,4,,https://gnun.link/comm/3425395,,,,,,,윈느성형외과 (내부용) (https://www.notion.so/2ca286f326ff8024a64ef0dc1e189d2b?pvs=21),오노 아키코 매니저
2025-07-07,,14,5,,https://gnun.link/comm/3426182,,,,,,,윈느성형외과 (내부용) (https://www.notion.so/2ca286f326ff8024a64ef0dc1e189d2b?pvs=21),오노 아키코 매니저
2025-07-07,,0,0,,https://cafe.naver.com/feko/9667300,,,,,,,윈느성형외과 (내부용) (https://www.notion.so/2ca286f326ff8024a64ef0dc1e189d2b?pvs=21),차예나 매니저
2025-07-07,,0,0,,https://cafe.naver.com/feko/9667037,,,,,,,윈느성형외과 (내부용) (https://www.notion.so/2ca286f326ff8024a64ef0dc1e189d2b?pvs=21),차예나 매니저
2025-07-07,,16,9,,https://gnun.link/comm/3425632,,,,,,,윈느성형외과 (내부용) (https://www.notion.so/2ca286f326ff8024a64ef0dc1e189d2b?pvs=21),오노 아키코 매니저
2025-07-04,,21,3,,https://gnun.link/comm/3423034,,,,,,,윈느성형외과 (내부용) (https://www.notion.so/2ca286f326ff8024a64ef0dc1e189d2b?pvs=21),오노 아키코 매니저
2025-07-04,,25,2,,https://gnun.link/comm/3423248,,,,,,,윈느성형외과 (내부용) (https://www.notion.so/2ca286f326ff8024a64ef0dc1e189d2b?pvs=21),오노 아키코 매니저
2025-07-03,,91,6,,https://cafe.naver.com/feko/9656149,기초 자산도 없는데 짝짝이었던분 계세요?,,,,,,윈느성형외과 (내부용) (https://www.notion.so/2ca286f326ff8024a64ef0dc1e189d2b?pvs=21),차예나 매니저
2025-07-03,,0,0,,https://cafe.naver.com/feko/9655876,,,,,,,윈느성형외과 (내부용) (https://www.notion.so/2ca286f326ff8024a64ef0dc1e189d2b?pvs=21),차예나 매니저
2025-07-03,,0,0,,https://cafe.naver.com/feko/9655741,,,,,,,윈느성형외과 (내부용) (https://www.notion.so/2ca286f326ff8024a64ef0dc1e189d2b?pvs=21),차예나 매니저
2025-07-01,,185,18,,https://cafe.naver.com/feko/9647419,가슴으로 유명한 병원 리스트 좀 알고싶어요!,,,,,,윈느성형외과 (내부용) (https://www.notion.so/2ca286f326ff8024a64ef0dc1e189d2b?pvs=21),차예나 매니저
2025-06-30,,0,0,,https://cafe.naver.com/feko/9642649,,,,,,,윈느성형외과 (내부용) (https://www.notion.so/2ca286f326ff8024a64ef0dc1e189d2b?pvs=21),차예나 매니저
2025-06-30,,107,7,,https://cafe.naver.com/feko/9642891,자연스럽게 잘해주는 병원...,,,,,,윈느성형외과 (내부용) (https://www.notion.so/2ca286f326ff8024a64ef0dc1e189d2b?pvs=21),차예나 매니저
2025-06-30,,119,7,,https://cafe.naver.com/feko/9642005,자산이 거의 없는 가슴이라 상담 받아보게요ㅠㅠ,,,,,,윈느성형외과 (내부용) (https://www.notion.so/2ca286f326ff8024a64ef0dc1e189d2b?pvs=21),차예나 매니저
2025-06-30,,0,0,,https://cafe.naver.com/feko/9642375,,,,,,,윈느성형외과 (내부용) (https://www.notion.so/2ca286f326ff8024a64ef0dc1e189d2b?pvs=21),차예나 매니저
2025-06-26,,0,0,,https://cafe.naver.com/feko/9631398,,,,,,,윈느성형외과 (내부용) (https://www.notion.so/2ca286f326ff8024a64ef0dc1e189d2b?pvs=21),차예나 매니저
2025-06-26,,0,0,,https://cafe.naver.com/feko/9631117,,,,,,,윈느성형외과 (내부용) (https://www.notion.so/2ca286f326ff8024a64ef0dc1e189d2b?pvs=21),차예나 매니저
2025-06-24,,0,0,,https://cafe.naver.com/feko/9622591,,,,,,,윈느성형외과 (내부용) (https://www.notion.so/2ca286f326ff8024a64ef0dc1e189d2b?pvs=21),차예나 매니저
2025-06-23,,0,0,,https://cafe.naver.com/feko/9617209,,,,,,,윈느성형외과 (내부용) (https://www.notion.so/2ca286f326ff8024a64ef0dc1e189d2b?pvs=21),차예나 매니저
2025-06-23,,76,4,,https://cafe.naver.com/feko/9617382,가슴 실종된거 때문에 후기 보는데 상담을 받아볼까봐요,,,,,,윈느성형외과 (내부용) (https://www.notion.so/2ca286f326ff8024a64ef0dc1e189d2b?pvs=21),차예나 매니저
2025-06-20,,242,20,,https://cafe.naver.com/feko/9610140,UU모양 가슴 전문으로 하는 병원 알아보는 중인데,,,,,,윈느성형외과 (내부용) (https://www.notion.so/2ca286f326ff8024a64ef0dc1e189d2b?pvs=21),차예나 매니저
2025-06-19,,0,0,,https://cafe.naver.com/feko/9605669,,,,,,,윈느성형외과 (내부용) (https://www.notion.so/2ca286f326ff8024a64ef0dc1e189d2b?pvs=21),차예나 매니저
2025-06-19,,0,0,,https://cafe.naver.com/feko/9605483,,,,,,,윈느성형외과 (내부용) (https://www.notion.so/2ca286f326ff8024a64ef0dc1e189d2b?pvs=21),차예나 매니저
2025-06-18,,153,5,,https://cafe.naver.com/feko/9601445,다이어트 성공하면 뭐해요 가슴이 실종됐는데...,,,,,,윈느성형외과 (내부용) (https://www.notion.so/2ca286f326ff8024a64ef0dc1e189d2b?pvs=21),차예나 매니저
2025-06-17,,245,24,,https://cafe.naver.com/feko/9596445,기초 자산 없는 가슴 수술 병원 추천좀요! UU모양...,,,,,,윈느성형외과 (내부용) (https://www.notion.so/2ca286f326ff8024a64ef0dc1e189d2b?pvs=21),차예나 매니저
2025-06-17,,0,0,,https://cafe.naver.com/feko/9596502,,,,,,,윈느성형외과 (내부용) (https://www.notion.so/2ca286f326ff8024a64ef0dc1e189d2b?pvs=21),차예나 매니저
