날짜,게시글 URL,글 제목,댓글,조회수,작업자
2026-02-20,https://cafe.naver.com/feko/10421797,신논현 가슴 UU맛집 윈느성형외과 멘토 두달차 후기❤️,,,박민정 매니저
2026-02-19,https://cafe.naver.com/feko/10418216,수술 후 관리까지 믿고 맡길 수 있는 가슴수술 병원이요ㅠㅠ,,,박민정 매니저
2026-02-19,https://cafe.naver.com/feko/10417550,가슴수술 모양 + 흉터 100% 만족 2달차🤗,,,박민정 매니저
2026-02-13,https://cafe.naver.com/feko/10409293,무통이 이런 느낌인건가? 가슴 수술 생각보다 너무 괜찮네여ㅋㅋㅋ,,,박민정 매니저
2026-02-13,https://cafe.naver.com/feko/10408302,멘토엑스트라 UU가슴 수술 후기 궁금하신 분?!,,,박민정 매니저
2026-02-10,https://cafe.naver.com/feko/10396690,감각 돌아온 가슴 6달차 찐 후기 가져왔어요🥹,4,160,박민정 매니저
2026-02-04,https://cafe.naver.com/feko/10378522,상담은 마음에 들었는데 다들 최종 결정은 어떻게 하셨어요?,4,33,박민정 매니저
2026-02-03,https://cafe.naver.com/feko/10372368,수술 1주일차 UU라인 가슴 너무 자연스럽지 않나요??😍,6,335,박민정 매니저
2026-02-02,https://cafe.naver.com/feko/10368098,병원 시스템이 좋았던 윈느성형외과 가슴 상담 후기,0,45,박민정 매니저
2026-01-30,https://cafe.naver.com/feko/10361355,지방이식 없이 보형물로만 자연스러운 가슴 만들 수 있대요!,4,45,박민정 매니저
2026-01-30,https://cafe.naver.com/feko/10360933,윈느에서 두바이쫀득가슴 3개월차 후기🤎💚,19,260,박민정 매니저
2026-01-29,https://cafe.naver.com/feko/10356217,지금은 자연가슴 같은 모티바 수술 한달차!,1,78,박민정 매니저
2026-01-27,https://cafe.naver.com/feko/10346565,,0,0,박민정 매니저
2026-01-26,https://cafe.naver.com/feko/10343354,첫 가슴 발품 만족해서 이대로만 하고싶어요,4,63,박민정 매니저
2026-01-22,https://cafe.naver.com/feko/10329905,신체 측정을 잘 해준 신논현 윈느에서 모티바 슴득후기,6,256,박민정 매니저
2026-01-20,https://cafe.naver.com/feko/10320755,짝가슴 교정 윈느성형외과 김의건원장님한테 재수술 받았습니다ㅜ^ㅜ,4,67,박민정 매니저
2026-01-19,https://cafe.naver.com/feko/10316130,강남 윈느성형외과에서 무통 가슴수술 UU모양 성공 1달차☺️,12,259,박민정 매니저
2026-01-16,https://cafe.naver.com/feko/10309362,윈느 김의건 원장님 상담 후기,6,84,박민정 매니저
2026-01-15,https://cafe.naver.com/feko/10304057,윈느 자연가슴 같은 모티바 한달 차 솔직후기 공유해요,6,231,박민정 매니저
2026-01-14,https://cafe.naver.com/feko/10299120,윈느성형외과 김의건원장님에게 멘토 슴득 한달차 후기❤️,4,234,박민정 매니저
2026-01-09,https://cafe.naver.com/feko/10283226,강남 윈느 성형외과 김의건 원장님 촉감좋은 멘토엑스트라 2달차!,2,96,박민정 매니저
2026-01-07,https://cafe.naver.com/feko/10275435,윈느성형외과 가슴수술 무통당첨이요,12,113,박민정 매니저
2026-01-05,https://cafe.naver.com/feko/10265611,윈느 성형외과 UU모양 가슴수술 해요!!,2,76,박민정 매니저
2025-12-31,https://cafe.naver.com/feko/10255445,윈느 성형외과 모티바로 슴득 성공한 후기요옹,3,219,차예나 매니저
2025-12-30,https://cafe.naver.com/feko/10252810,너무 과한거 없이 자연스럽게 해달라고 요청한 모티바 수술 1주차!,8,352,차예나 매니저
2025-12-29,https://cafe.naver.com/feko/10248497,강남 윈느성형외과 김의건원장님 모티바 가슴수술 1주차😭,9,457,차예나 매니저
2025-12-26,https://cafe.naver.com/feko/10242054,윈느성형외과에서 모티바로 수술한지 6개월 된 후기요😍,6,337,차예나 매니저
2025-12-24,https://cafe.naver.com/feko/10237416,모티바 가슴수술 3달차 후기!!,18,557,차예나 매니저
2025-12-23,https://cafe.naver.com/feko/10233568,강남 윈느성형외과 모티바 5달차 말랑말랑해져서 더 행복해진 연말 썰,4,338,"차예나 매니저,차예나 매니저"
2025-12-22,https://cafe.naver.com/feko/10229183,"모티바 360, 340으로 수술한지 5달차 득슴 후기",6,435,차예나 매니저
2025-12-17,https://cafe.naver.com/feko/10214268,멘토 수술후기! 윈느 김의건원장님에게 슴득 1주차❤️,14,566,차예나 매니저
2025-12-16,https://cafe.naver.com/feko/10209587,찐가슴 같은 자연스럽게 빵빵한 모양을 원해서 다녀온 윈느성형외과 상담후기,4,120,차예나 매니저
2025-12-11,https://cafe.naver.com/feko/10193425,신논현 윈느 성형외과 김의건 원장님 상담 후기 및 보형물 금액 후관리 정보,18,227,차예나 매니저
2025-12-09,https://cafe.naver.com/feko/10184363,모티바 340cc 신논현 윈느 김의건원장님 슴득 3달차 후기🌟,15,461,차예나 매니저
2025-12-08,https://cafe.naver.com/feko/10180026,"윈느 김의건 모티바, 멘토 피팅, 상담 후기요",4,170,차예나 매니저
2025-12-08,https://cafe.naver.com/feko/10180034,강남 윈느성형외과 모티바로 가슴수술 받은지 다섯달차 UU모양 + 촉감^^ 등등,8,357,차예나 매니저
2025-12-05,https://cafe.naver.com/feko/10173744,가슴수술 멘토엑스트라 1주차 후기를 끄적거려볼게요,15,941,차예나 매니저
2025-12-03,https://cafe.naver.com/feko/10164869,자연스러운 UU모양원해서 윈느성형외과 상담받았어요 이벤트 + 원장님상담 후기,4,166,차예나 매니저
2025-12-01,https://cafe.naver.com/feko/10155303,윈느성형외과 모티바 멘토 할인이벤트 금액 상담후기,24,205,차예나 매니저
2025-11-27,https://cafe.naver.com/feko/10144943,모티바 가슴수술 2달차 후기!,10,573,차예나 매니저
2025-11-25,https://cafe.naver.com/feko/10135198,신논현 윈느 성형외과에서 모티바로 득슴한지 반년이나 지났어용~!,8,377,차예나 매니저
2025-11-24,https://cafe.naver.com/feko/10130498,윈느성형외과 가슴비대칭 때문에 재수술 상담 받은 후기요ㅜ^ㅜ,4,103,차예나 매니저
2025-11-21,https://cafe.naver.com/feko/10124192,윈느성형외과 김의건원장님 가슴수술 상담후기,2,119,차예나 매니저
2025-11-20,https://cafe.naver.com/feko/10119948,기초자산 제로였던 저도 드디어 가슴수술 후기를 써보네요!,17,531,차예나 매니저
2025-11-19,https://cafe.naver.com/feko/10115240,사이즈 불만족으로 UIU가슴을 위해.. 가슴재수술 다시 했어요^^,11,483,차예나 매니저
2025-11-18,https://cafe.naver.com/feko/10110507,너무 만족스러운 모티바 가슴수술 7개월차 윈느성형외과 후기,10,494,차예나 매니저
2025-11-18,https://cafe.naver.com/feko/10110498,윈느성형외과 보형물 할인 11월까지래여 모티바 멘토 할인 가격 상담후기요!,19,178,차예나 매니저
2025-11-17,https://cafe.naver.com/feko/10105654,출산후 윗가슴이 꺼지고 심하게 처져서 가슴수술 받았어요....🥰,14,764,차예나 매니저
2025-11-13,https://cafe.naver.com/feko/10095152,가슴수술받고나서 내내 만족중😍 모티바 쵝오ㅎㅎ,10,582,차예나 매니저
2025-11-12,https://cafe.naver.com/feko/10090450,강남 윈느 성형외과 김의건 원장님 멘토엑스트라 가슴수술 1주차요!,12,502,차예나 매니저
2025-11-11,https://cafe.naver.com/feko/10085926,멘토엑스트라로 가슴재수술 받은 후기 촉감이 훨씬 좋아요,14,846,차예나 매니저
2025-11-10,https://cafe.naver.com/feko/10081307,윈느성형외과 AA에서 풀C로 슴득성공🌟,10,449,차예나 매니저
2025-11-07,https://cafe.naver.com/feko/10074573,윈느성형외과 상담후기 보형물 할인이벤트 11월까지래요!,19,223,차예나 매니저
2025-11-05,https://cafe.naver.com/feko/10066455,윈느 멘토부스트 득슴 4달차후기,13,438,차예나 매니저
2025-11-04,https://cafe.naver.com/feko/10062042,윈느성형외과 모티바 겨절 가슴수술 한달됐어요~,10,294,차예나 매니저
2025-11-03,https://cafe.naver.com/feko/10057947,윈느성형외과 김의건원장님 모티바 가슴수술 1달차 후기,12,436,차예나 매니저
2025-10-28,https://cafe.naver.com/feko/10039701,강남 윈느성형외과 가슴수술 후기ㅜ 모티바 2달차 득슴샷!,10,374,차예나 매니저
2025-10-24,https://cafe.naver.com/feko/10029214,모티바 가슴성형 3달차 껌딱지 탈출하고 하루하루 너무 행복ㅠㅠ,21,821,차예나 매니저
2025-10-23,https://cafe.naver.com/feko/10025384,성형외과 수술방 간호사의 가슴수술 후기 병원 찾아보는 팁,94,"1,191",차예나 매니저
2025-10-21,https://cafe.naver.com/feko/10016216,모티바 가슴수술 7주차...! 모티바 선택하고 찐만족중이요ㅜㅜ,21,464,차예나 매니저
2025-10-20,https://cafe.naver.com/feko/10011317,가슴수술 3일차 몸상태가 걱정했던거보단 괜찮은듯...?,1,128,차예나 매니저
2025-10-20,https://cafe.naver.com/feko/10011439,윈느성형외과 모티바 가슴수술 8개월차 슴득자랑🤤,6,380,차예나 매니저
2025-10-17,https://cafe.naver.com/feko/10004872,가슴 촉감 불만족으로 재수술 받은 후기요,12,"1,186",차예나 매니저
2025-10-16,https://cafe.naver.com/feko/10000460,가슴수술 후 2주차까지 느낀점이요~,8,235,차예나 매니저
2025-10-13,https://cafe.naver.com/feko/9986410,지난 금요일에 가슴 재수술 받았어요ㅠㅠ,4,199,차예나 매니저
2025-10-13,https://cafe.naver.com/feko/9986444,강남 가슴수술 윈느 성형외과 상담 후기,30,411,차예나 매니저
2025-10-10,https://cafe.naver.com/feko/9979152,자연스러운 UU모양 원해서 윈느성형외과 다녀왔어요 보형물 할인 가격 공유!,0,221,차예나 매니저
2025-10-02,https://cafe.naver.com/feko/9968252,추석 전에 가슴수술 완료! 오늘 받고 왔어요 ㅎㅎ,12,504,차예나 매니저
2025-10-01,https://cafe.naver.com/feko/9964356,윈느성형외과 가슴수술 받은지 2달 지나 올리는 득슴 후기,14,692,차예나 매니저
2025-10-01,https://cafe.naver.com/feko/9964301,가슴 재수술 윈느성형외과 김의건 원장님 상담 후기요,1,122,차예나 매니저
2025-09-29,https://cafe.naver.com/feko/9955214,신논현 윈느 보형물 모티바 멘토 이벤트 상담후기,22,180,차예나 매니저
2025-09-29,https://cafe.naver.com/feko/9955226,모티바 겨절로 수술받은지 3일차!,28,775,차예나 매니저
2025-09-26,https://cafe.naver.com/feko/9948870,윈느 김의건원장님 가슴수술 2달차 가슴에 투자해서 껌딱지에서 탈출한 썰,8,502,차예나 매니저
2025-09-23,https://cafe.naver.com/feko/9936157,가슴 빈약한게 싫어 모티바로 수술받았어요 볼륨 생겨서 만족라이프 시작,30,490,차예나 매니저
2025-09-22,https://cafe.naver.com/feko/9931231,윈느성형외과 가슴수술 7개월차 후기 어떻게 누워도 찐가슴 같아요ㅜㅜ,8,449,차예나 매니저
2025-09-19,https://cafe.naver.com/feko/9924456,이제는 완벽히 찐가슴 같은 가슴수술 1년차,6,586,차예나 매니저
2025-09-18,https://cafe.naver.com/feko/9920390,가슴수술 후 1달 훌쩍 지나 적어보는 후기,10,793,차예나 매니저
2025-09-17,https://cafe.naver.com/feko/9915753,슴득! 윈느성형외과 볼륨감 부족했던 가슴수술후기🤫,6,424,차예나 매니저
2025-09-17,https://cafe.naver.com/feko/9915684,가슴수술 받고 왔어요..ㅎ,5,201,차예나 매니저
2025-09-16,https://cafe.naver.com/feko/9911274,수술전후 득슴한 비교샷ㅜ 모티바는 최고의 결정이었다ㅜㅜ,8,401,차예나 매니저
2025-09-15,https://cafe.naver.com/feko/9906172,,0,0,차예나 매니저
2025-09-15,https://cafe.naver.com/feko/9906844,모티바 겨절 가슴수술 츄라이 4달 됐어요,10,551,차예나 매니저
2025-09-10,https://cafe.naver.com/feko/9891377,강남 윈느성형외과 가슴수술 모티바 멘토 상담 후기,13,248,차예나 매니저
2025-09-09,https://cafe.naver.com/feko/9886924,출산후 처진가슴 수술후기,10,266,차예나 매니저
2025-09-09,https://cafe.naver.com/feko/9886902,🥹🥹 가슴수술 받고 왔어요 찐후기,13,378,차예나 매니저
2025-09-08,https://cafe.naver.com/feko/9882225,,0,0,차예나 매니저
2025-09-05,https://cafe.naver.com/feko/9874374,가슴수술 앞두고 있으니 두구두구둗구두국🥹,2,168,차예나 매니저
2025-09-04,https://cafe.naver.com/feko/9871697,윈느 김의건원장님 가슴 5개월차 후기애용~🌟,6,519,차예나 매니저
2025-09-03,https://cafe.naver.com/feko/9867268,강남 윈느성형외과 모티바 가슴수술 3일차...!,8,423,차예나 매니저
2025-09-02,https://cafe.naver.com/feko/9862759,신논현 윈느성형외과 가슴수술 상담후기,7,430,차예나 매니저
2025-09-01,https://cafe.naver.com/feko/9858499,가슴수술 하고 왔어요.....ㅎ,4,216,차예나 매니저
2025-08-28,https://cafe.naver.com/feko/9847669,가슴 수술 후 처음 남겨보는 후기,6,210,차예나 매니저
2025-08-27,https://cafe.naver.com/feko/9842875,가슴이 생겼으면해서 윈느성형외과 상담받아본 후기입니당ㅜㅜ,12,206,차예나 매니저
2025-08-26,https://cafe.naver.com/feko/9838154,모티바 2개월차 자연스러운 슴득 후기,12,731,차예나 매니저
2025-08-25,https://cafe.naver.com/feko/9833687,가슴수술 받은지 한달차 살성 많이 풀렸어요~,2,444,차예나 매니저
2025-08-22,https://cafe.naver.com/feko/9826447,모티바 가슴성형 1달차! 껌딱지 탈출한지도 한달 됐어요ㅠㅠ,11,860,차예나 매니저
2025-08-21,https://cafe.naver.com/feko/9822732,가슴수술 6개월차 후기,8,532,차예나 매니저
2025-08-21,https://cafe.naver.com/feko/9822789,다이어트 성공하고 실종됐던 가슴 때문에 수술받은지 2주차예요ㅜㅜ,6,148,차예나 매니저
2025-08-20,https://cafe.naver.com/feko/9818321,윈느성형외과 짝가슴 보형물 이벤트 상담후기,8,204,차예나 매니저
2025-08-19,https://cafe.naver.com/feko/9812864,멘토부스트 할인이벤트 막차탑승ㅜㅜ,22,182,차예나 매니저
2025-08-19,https://cafe.naver.com/feko/9812956,윈느 성형외과 김의건 원장님 모티바+부유방제거 11달차,12,656,차예나 매니저
2025-08-18,https://cafe.naver.com/feko/9808075,가슴수술 1년차 자연스러운 UU라인에 더 말랑말랑해져용,12,829,차예나 매니저
2025-08-18,https://cafe.naver.com/feko/9808366,가슴수술 한달차후기 공유해요,4,184,차예나 매니저
2025-08-14,https://cafe.naver.com/feko/9800764,윈느 모티바 340cc 득슴후기♥,8,470,차예나 매니저
2025-08-13,https://cafe.naver.com/feko/9796160,모티바 6개월차 후기 들고왔어욤🙌,10,500,차예나 매니저
2025-08-12,https://cafe.naver.com/feko/9791964,가슴수술 멘토부스트 1달차후기,15,503,차예나 매니저
2025-08-11,https://cafe.naver.com/feko/9787656,UIU가슴수술 윈느성형외과 보형물 할인받았어요,35,400,차예나 매니저
2025-08-11,https://cafe.naver.com/feko/9787682,신논현 ㅇㄴ 모티바+부유방 3개월차 후기요!,8,382,차예나 매니저
2025-08-07,https://cafe.naver.com/feko/9775597,멘토 1개월차 후기! 마른체형인데 자연스럽게 성공한거 같죠?,10,467,차예나 매니저
2025-08-07,https://cafe.naver.com/feko/9775714,윈느성형외과 멘토 이벤트가격+상담후기요,18,225,차예나 매니저
2025-08-06,https://cafe.naver.com/feko/9771778,모티바 320cc 후기 득슴한건 살면서 제일 잘한짓이 아닐까..,6,500,차예나 매니저
2025-08-01,https://cafe.naver.com/feko/9756461,가슴수술1주일차 기초자산 없는 껌딱지 탈출했어요ㅠㅠㅠ,10,677,차예나 매니저
2025-07-31,https://cafe.naver.com/feko/9752637,가슴수술 찐후기 윈느에서 하고 반년넘어서 더 자연스러워졌어요ㅎㅎ,11,432,차예나 매니저
2025-07-31,https://cafe.naver.com/feko/9752598,윈느 가슴수술 상담 끝 이벤트 곧 끝난대요,11,142,차예나 매니저
2025-07-30,https://cafe.naver.com/feko/9747585,ㅇㄴ 가슴수술 1달차 후기 남겨요 (멘토엑스트라),8,324,차예나 매니저
2025-07-29,https://cafe.naver.com/feko/9743606,윈느 김의건원장님 가슴수술 멘토 후기 3주차,15,689,차예나 매니저
2025-07-28,https://cafe.naver.com/feko/9739923,가슴수술 받고 1주일차 무통 당첨된 후기,4,564,차예나 매니저
2025-07-25,https://cafe.naver.com/feko/9733734,모티바 멘토 이벤트한다고 해서 상담갔다왔어요,22,231,차예나 매니저
2025-07-24,https://cafe.naver.com/feko/9730043,저 가슴수술 받고 왔어요.......^^,12,230,차예나 매니저
2025-07-24,https://cafe.naver.com/feko/9730009,"신논현 윈느 성형외과 가슴 상담, 수술 예약 끝",8,168,차예나 매니저
2025-07-23,https://cafe.naver.com/feko/9725169,가슴수술 받고와서 적어보는 상담후기 - 윈느성형외과,25,314,차예나 매니저
2025-07-22,https://cafe.naver.com/feko/9720951,윈느성형외과 가슴수술 모티바 멘토 상담 후기요,38,480,차예나 매니저
2025-07-21,https://cafe.naver.com/feko/9716420,윈느성형외과 가슴수술 상담후기 + 이벤트가격 후기,46,397,차예나 매니저
2025-07-16,https://cafe.naver.com/feko/9701202,윈느성형외과 보형물 여름이벤트 8월까지만 한대요 가격이랑 상담후기,45,278,차예나 매니저
2025-07-10,https://cafe.naver.com/feko/9681991,,0,0,차예나 매니저
2025-07-08,https://cafe.naver.com/feko/9672542,윈느성형외과 가슴수술 앞두고 상담후기 공유해요,25,222,차예나 매니저
2025-07-04,https://cafe.naver.com/feko/9661110,,0,0,차예나 매니저
2025-07-03,https://cafe.naver.com/feko/9655615,신논현 가슴전문 성형외과 보형물 상담후기,18,305,차예나 매니저
2025-07-01,https://cafe.naver.com/feko/9647552,,0,0,차예나 매니저
2025-06-27,https://cafe.naver.com/feko/9635109,,0,0,차예나 매니저
2025-06-26,https://cafe.naver.com/feko/9631222,멘토엑스트라 모더하이 1년차의 찐후기,26,817,차예나 매니저
2025-06-24,https://cafe.naver.com/feko/9622423,,0,0,차예나 매니저
2025-06-20,https://cafe.naver.com/feko/9610247,,0,0,차예나 매니저
2025-06-18,https://cafe.naver.com/feko/9601282,,0,0,차예나 매니저
