날짜,,글 제목,게시글 URL,,댓글,조회수,,쪽지 수량,,,,,병원,작업자
2026-01-21,,코 구축 겪어보신 분 있나요?,https://cafe.naver.com/luxury009/1412063,,5,30,,,,,,,,박민정 매니저
2026-01-21,,,https://cafe.naver.com/feko/10326991,,0,0,,,,,,,,차예나 매니저
2026-01-20,,실리콘 빼 보신 분 있으면 글 봐주세요,https://cafe.naver.com/luxury009/1411263,,3,28,,,,,,,프리마성형외과 (내부용) (https://www.notion.so/295286f326ff80928beae4e348354a9b?pvs=21),박민정 매니저
2026-01-19,,콧대 휘고 콧구멍 짝짝이 프리마 코 전체제거 후기,https://cafe.naver.com/luxury009/1410497,,0,1,,,,,,,프리마성형외과 (내부용) (https://www.notion.so/295286f326ff80928beae4e348354a9b?pvs=21),차예나 매니저
2026-01-19,,코 모양 불만족 제거해본 분 있나요?,https://cafe.naver.com/feko/10316255,,1,5,,,,,,,프리마성형외과 (내부용) (https://www.notion.so/295286f326ff80928beae4e348354a9b?pvs=21),박민정 매니저
2026-01-16,,극한 코 전문적으로 보는 병원 정보 좀 알려주실분,https://cafe.naver.com/feko/10309744,,13,65,,,,,,,프리마성형외과 (내부용) (https://www.notion.so/295286f326ff80928beae4e348354a9b?pvs=21),박민정 매니저
2026-01-15,,몇년전에 코수술 받았던거 전체제거 고민요ㅠ,https://cafe.naver.com/feko/10305835,,3,37,,,,,,,프리마성형외과 (내부용) (https://www.notion.so/295286f326ff80928beae4e348354a9b?pvs=21),차예나 매니저
2026-01-15,,코 수술 일상생활이 불편해요... 제거 할까요?,https://cafe.naver.com/luxury009/1408772,,2,28,,,,,,,프리마성형외과 (내부용) (https://www.notion.so/295286f326ff80928beae4e348354a9b?pvs=21),박민정 매니저
2026-01-14,,코 제거 어디로 갈지 고민되네요,https://cafe.naver.com/feko/10300156,,0,3,,,,,,,프리마성형외과 (내부용) (https://www.notion.so/295286f326ff80928beae4e348354a9b?pvs=21),박민정 매니저
2026-01-13,,실리콘 제거 삼대장 + 제거전문 병원 정보,https://cafe.naver.com/feko/10296190,,5,41,,,,,,,,차예나 매니저
2026-01-09,,코 실리콘 제거 병원 더 없나요ㅠㅠㅠ,https://cafe.naver.com/feko/10283274,,2,13,,,,,,,프리마성형외과 (내부용) (https://www.notion.so/295286f326ff80928beae4e348354a9b?pvs=21),박민정 매니저
2026-01-08,,코 전체제거 코끝연골재배치까지도 생각하고 있어요,https://cafe.naver.com/feko/10280026,,1,6,,,,,,,프리마성형외과 (내부용) (https://www.notion.so/295286f326ff80928beae4e348354a9b?pvs=21),차예나 매니저
2026-01-05,,코 전체제거 병원을.. 더 알 수 있을지...,https://cafe.naver.com/luxury009/1402991,,3,17,,,,,,,프리마성형외과 (내부용) (https://www.notion.so/295286f326ff80928beae4e348354a9b?pvs=21),차예나 매니저
2025-12-26,,프리마 코 전체제거 수술,https://cafe.naver.com/feko/10241433,,4,83,,,,,,,프리마성형외과 (내부용) (https://www.notion.so/295286f326ff80928beae4e348354a9b?pvs=21),차예나 매니저
2025-12-23,,코 조기제거 병원 급합니다ㅠㅠㅠㅠㅠ 제발 알려주세요,https://cafe.naver.com/feko/10232713,,6,103,,,,,,,프리마성형외과 (내부용) (https://www.notion.so/295286f326ff80928beae4e348354a9b?pvs=21),차예나 매니저
2025-12-15,,전체제거 코끝재배치 같이 받고싶어요,https://cafe.naver.com/feko/10201722,,2,54,,,,,,,프리마성형외과 (내부용) (https://www.notion.so/295286f326ff80928beae4e348354a9b?pvs=21),박민정 매니저
2025-12-12,,코 전체 제거 도와주세요 ㅜ,https://cafe.naver.com/luxury009/1390427,,3,84,,,,,,,프리마성형외과 (내부용) (https://www.notion.so/295286f326ff80928beae4e348354a9b?pvs=21),홍채이
2025-12-12,,코 제거하려고 합니다,https://cafe.naver.com/luxury009/1390219,,6,86,,,,,,,프리마성형외과 (내부용) (https://www.notion.so/295286f326ff80928beae4e348354a9b?pvs=21),박민정 매니저
2025-12-11,,코 전체 제거하고 싶어요ㅠㅠ,https://cafe.naver.com/luxury009/1389561,,4,88,,,,,,,프리마성형외과 (내부용) (https://www.notion.so/295286f326ff80928beae4e348354a9b?pvs=21),박민정 매니저
2025-12-11,,코 제거할 병원 추천부탁드릴게요,https://cafe.naver.com/feko/10190451,,14,163,,,,,,,프리마성형외과 (내부용) (https://www.notion.so/295286f326ff80928beae4e348354a9b?pvs=21),홍채이
2025-12-10,,실리콘 제거했을 때 코끝모양은 어떻게 나와요.....?,https://cafe.naver.com/luxury009/1388859,,1,94,,,,,,,프리마성형외과 (내부용) (https://www.notion.so/295286f326ff80928beae4e348354a9b?pvs=21),박민정 매니저
2025-12-10,,코 제거 하는게 낫겠죠?,https://cafe.naver.com/luxury009/1388490,,7,216,,,,,,,프리마성형외과 (내부용) (https://www.notion.so/295286f326ff80928beae4e348354a9b?pvs=21),홍채이
2025-12-09,,혹시 코수술하고 수술전 코로 돌아가고 싶어서 조기제거 한 분 계신가요............,https://cafe.naver.com/feko/10183433,,3,90,,,,,,,프리마성형외과 (내부용) (https://www.notion.so/295286f326ff80928beae4e348354a9b?pvs=21),차예나 매니저
2025-12-09,,전체제거 프리마 어떤가요?,https://cafe.naver.com/feko/10182050,,2,69,,,,,,,프리마성형외과 (내부용) (https://www.notion.so/295286f326ff80928beae4e348354a9b?pvs=21),박민정 매니저
2025-12-08,,코 실리콘 제거할까요?,https://cafe.naver.com/feko/10179355,,2,127,,,,,,,프리마성형외과 (내부용) (https://www.notion.so/295286f326ff80928beae4e348354a9b?pvs=21),홍채이
2025-12-08,,코수술 전체제거 병원 초성,https://cafe.naver.com/luxury009/1387547,,4,202,,,,,,,프리마성형외과 (내부용) (https://www.notion.so/295286f326ff80928beae4e348354a9b?pvs=21),차예나 매니저
2025-12-08,,코 실리콘 자가늑 전체제거 급해요ㅠㅠ,https://cafe.naver.com/feko/10177779,,20,322,,,,,,,프리마성형외과 (내부용) (https://www.notion.so/295286f326ff80928beae4e348354a9b?pvs=21),박민정 매니저
2025-12-05,,코 제거로 많이 가는곳 있으면 알려주세요,https://cafe.naver.com/luxury009/1386166,,5,73,,,,,,,프리마성형외과 (내부용) (https://www.notion.so/295286f326ff80928beae4e348354a9b?pvs=21),홍채이
2025-12-05,,L자실리콘 구축 전체제거 빨리 해야겠죠..,https://cafe.naver.com/feko/10170910,,5,132,,,,,,,프리마성형외과 (내부용) (https://www.notion.so/295286f326ff80928beae4e348354a9b?pvs=21),박민정 매니저
2025-12-04,,코 전체제거 전문 병원 추천해주세요,https://cafe.naver.com/feko/10166317,,6,139,,,,,,,프리마성형외과 (내부용) (https://www.notion.so/295286f326ff80928beae4e348354a9b?pvs=21),박민정 매니저
2025-12-03,,티나는 뾰족코 제거 원해요 ㅠㅠ,https://cafe.naver.com/luxury009/1384531,,7,109,,,,,,,프리마성형외과 (내부용) (https://www.notion.so/295286f326ff80928beae4e348354a9b?pvs=21),홍채이
2025-12-03,,프리마 코제거 후기 실리콘+늑 전체제거,https://cafe.naver.com/luxury009/1384502,,17,191,,,,,,,프리마성형외과 (내부용) (https://www.notion.so/295286f326ff80928beae4e348354a9b?pvs=21),차예나 매니저
2025-12-02,,코 제거 알아보는중이에요,https://cafe.naver.com/feko/10159770,,10,138,,,,,,,프리마성형외과 (내부용) (https://www.notion.so/295286f326ff80928beae4e348354a9b?pvs=21),홍채이
2025-12-02,,코 전체제거 고민중이에요ㅜ,https://cafe.naver.com/feko/10159333,,6,215,,,,,,,프리마성형외과 (내부용) (https://www.notion.so/295286f326ff80928beae4e348354a9b?pvs=21),차예나 매니저
2025-11-28,,전체 제거 잘하는 병원 있을까요?,https://cafe.naver.com/feko/10148616,,4,101,,,,,,,프리마성형외과 (내부용) (https://www.notion.so/295286f326ff80928beae4e348354a9b?pvs=21),홍채이
2025-11-27,,l자 실리콘 제거 고민이네요,https://cafe.naver.com/luxury009/1380967,,2,66,,,,,,,프리마성형외과 (내부용) (https://www.notion.so/295286f326ff80928beae4e348354a9b?pvs=21),홍채이
2025-11-27,,실리콘 늑 전체제거 상담 받을 수 있는 병원 알려주세요..,https://cafe.naver.com/feko/10143905,,3,78,,,,,,,프리마성형외과 (내부용) (https://www.notion.so/295286f326ff80928beae4e348354a9b?pvs=21),차예나 매니저
2025-11-26,,,https://cafe.naver.com/feko/10139183,,0,0,,,,,,,프리마성형외과 (내부용) (https://www.notion.so/295286f326ff80928beae4e348354a9b?pvs=21),홍채이
2025-11-26,,코수술 전체제거 전문으로 하는 병원들 가보려는데요,https://cafe.naver.com/feko/10138257,,12,237,,,,,,,프리마성형외과 (내부용) (https://www.notion.so/295286f326ff80928beae4e348354a9b?pvs=21),차예나 매니저
2025-11-24,,,https://cafe.naver.com/luxury009/1378921,,0,0,,,,,,,프리마성형외과 (내부용) (https://www.notion.so/295286f326ff80928beae4e348354a9b?pvs=21),홍채이
2025-11-24,,실리콘 늑 전체제거,https://cafe.naver.com/luxury009/1378853,,5,46,,,,,,,프리마성형외과 (내부용) (https://www.notion.so/295286f326ff80928beae4e348354a9b?pvs=21),차예나 매니저
2025-11-21,,,https://cafe.naver.com/feko/10123368,,0,0,,,,,,,프리마성형외과 (내부용) (https://www.notion.so/295286f326ff80928beae4e348354a9b?pvs=21),홍채이
2025-11-21,,재수술 고민했다가 아예 전체제거를 생각하고 있는데요...,https://cafe.naver.com/feko/10123352,,11,176,,1,,,,,프리마성형외과 (내부용) (https://www.notion.so/295286f326ff80928beae4e348354a9b?pvs=21),차예나 매니저
2025-11-19,,,https://cafe.naver.com/luxury009/1376170,,0,0,,,,,,,프리마성형외과 (내부용) (https://www.notion.so/295286f326ff80928beae4e348354a9b?pvs=21),홍채이
2025-11-19,,프리마 코 실리콘 자가연골 전체제거 후기,https://cafe.naver.com/luxury009/1376118,,15,200,,2,,,,,프리마성형외과 (내부용) (https://www.notion.so/295286f326ff80928beae4e348354a9b?pvs=21),차예나 매니저
2025-11-18,,,https://cafe.naver.com/luxury009/1375364,,0,0,,,,,,,프리마성형외과 (내부용) (https://www.notion.so/295286f326ff80928beae4e348354a9b?pvs=21),홍채이
2025-11-17,,코 전체제거 고민인데요......,https://cafe.naver.com/luxury009/1374735,,5,85,,,,,,,프리마성형외과 (내부용) (https://www.notion.so/295286f326ff80928beae4e348354a9b?pvs=21),차예나 매니저
2025-11-14,,,https://cafe.naver.com/feko/10098898,,0,0,,,,,,,프리마성형외과 (내부용) (https://www.notion.so/295286f326ff80928beae4e348354a9b?pvs=21),홍채이
2025-11-13,,,https://cafe.naver.com/feko/10094498,,0,0,,,,,,,프리마성형외과 (내부용) (https://www.notion.so/295286f326ff80928beae4e348354a9b?pvs=21),홍채이
2025-11-13,,코 전체제거 상담 가보려고 하는데요,https://cafe.naver.com/feko/10093735,,4,136,,,,,,,프리마성형외과 (내부용) (https://www.notion.so/295286f326ff80928beae4e348354a9b?pvs=21),차예나 매니저
2025-11-12,,,https://cafe.naver.com/luxury009/1372488,,0,0,,,,,,,프리마성형외과 (내부용) (https://www.notion.so/295286f326ff80928beae4e348354a9b?pvs=21),홍채이
2025-11-12,,코 전체제거,https://cafe.naver.com/luxury009/1372360,,4,71,,,,,,,프리마성형외과 (내부용) (https://www.notion.so/295286f326ff80928beae4e348354a9b?pvs=21),차예나 매니저
2025-11-11,,,https://cafe.naver.com/luxury009/1371801,,0,0,,,,,,,프리마성형외과 (내부용) (https://www.notion.so/295286f326ff80928beae4e348354a9b?pvs=21),홍채이
2025-11-10,,전체제거 전문으로 하는 병원 알아보고 있어요,https://cafe.naver.com/feko/10080391,,9,138,,,,,,,프리마성형외과 (내부용) (https://www.notion.so/295286f326ff80928beae4e348354a9b?pvs=21),차예나 매니저
2025-11-05,,,https://cafe.naver.com/luxury009/1368956,,0,0,,,,,,,프리마성형외과 (내부용) (https://www.notion.so/295286f326ff80928beae4e348354a9b?pvs=21),홍채이
2025-11-04,,,https://cafe.naver.com/feko/10060468,,0,0,,,,,,,프리마성형외과 (내부용) (https://www.notion.so/295286f326ff80928beae4e348354a9b?pvs=21),홍채이
2025-11-03,,,https://cafe.naver.com/feko/10057513,,0,0,,,,,,,프리마성형외과 (내부용) (https://www.notion.so/295286f326ff80928beae4e348354a9b?pvs=21),홍채이
