날짜,게시글 URL,댓글,조회수,글 제목,작업자,쪽지 수량
2026-02-19,https://sungyesa.com/d04/323431,,,이마거상 추미근절제 했고 이마축소는 골막고정으로 같이받은 후기~,차예나 매니저,
2026-02-19,https://cafe.naver.com/feko/10420435,1,16,히트성형외과 한상철원장님 내시경이마거상 실고정 본터널링 상담후기,차예나 매니저,
2026-02-19,https://cafe.naver.com/feko/10419779,0,35,히트성형외과 자연스러운 쌍수 후기에요,차예나 매니저,
2026-02-19,https://cafe.naver.com/feko/10417344,0,12,"히트성형외과에서 얼지흡, 근육묶기 같이받고 성공한 후기",한혜빈 매니저,
2026-02-13,https://cafe.naver.com/feko/10408784,2,52,히트성형외과에서 얼지흡받았어요!,한혜빈 매니저,
2026-02-13,https://cafe.naver.com/feko/10408589,1,36,히트 유상수원장님께 수술받은지 2주 넘었어요!,한혜빈 매니저,
2026-02-12,https://sungyesa.com/hlist/345014,,,병원찾아삼만리 후기,차예나 매니저,
2026-02-12,https://sungyesa.com/hlist/344981,,,병원찾아삼만리 후기,차예나 매니저,
2026-02-11,https://cafe.naver.com/feko/10402634,1,27,히트 한상철 복코교정 무보형물수술 후기!!,차예나 매니저,
2026-02-11,https://cafe.naver.com/feko/10400638,0,0,,한혜빈 매니저,
2026-02-10,https://cafe.naver.com/feko/10397770,3,48,짧고 눌려보이던 코모양 입체감 살아남!😭😭😭,차예나 매니저,
2026-02-10,https://cafe.naver.com/feko/10396566,4,17,히트에서 쌍트받고 왔어요!,한혜빈 매니저,
2026-02-09,https://cafe.naver.com/feko/10393332,2,101,히트 이마거상 이마축소 같이 받은 후기입니다!,차예나 매니저,
2026-02-06,https://cafe.naver.com/feko/10387760,7,77,"히트성형외과 이마축소 금액, 김정호원장님 상담후기",차예나 매니저,
2026-02-06,https://cafe.naver.com/feko/10386388,11,48,얼지흡 받은지 2주 되어가는 중인데 효과 미쳤어요..,한혜빈 매니저,
2026-02-06,https://cafe.naver.com/feko/10386343,2,99,남자 이마거상 눈수술 후기입니다,차예나 매니저,
2026-02-06,https://cafe.naver.com/feko/10386182,4,34,히트성형외과 쌍수 상담후기,한혜빈 매니저,
2026-02-05,https://cafe.naver.com/feko/10381517,0,0,,한혜빈 매니저,
2026-02-04,https://cafe.naver.com/feko/10378835,10,73,눈매 무너져보여서 내시경이마거상 실고정으로 받은 후기,차예나 매니저,
2026-02-04,https://cafe.naver.com/feko/10377285,9,89,히트성형외과 무보형물코수술 코끝성형 후기입니당,차예나 매니저,
2026-02-03,https://cafe.naver.com/feko/10374638,2,107,수술 후기 남겨볼게요 (윤곽 10년차 안면거상),차예나 매니저,
2026-02-03,https://cafe.naver.com/feko/10372932,6,66,히트에서 얼지랑 실리프팅 성공했어요!!,한혜빈 매니저,1
2026-02-03,https://cafe.naver.com/feko/10372857,1,19,히트에서 눈 수술한지 2주차에요,한혜빈 매니저,
2026-02-02,https://cafe.naver.com/feko/10369738,2,91,"강남 중년 안면목거상 히트성형외과 수술비, 상담후기",차예나 매니저,
2026-02-02,https://cafe.naver.com/feko/10369581,12,94,내시경이마거상 7주차 후기,차예나 매니저,
2026-02-02,https://cafe.naver.com/feko/10368794,22,377,이마거상 + 이마축소 3주차 된 후기,차예나 매니저,
2026-01-30,https://cafe.naver.com/feko/10362721,0,0,,박민정 매니저,
2026-01-30,https://cafe.naver.com/feko/10362223,6,288,히트 김정호 원장님 이마축소+이마거상 2주차 후기,박민정 매니저,
2026-01-30,https://cafe.naver.com/feko/10360739,5,140,복코 스트레스가 너무커서 코수술 받은후기잉,차예나 매니저,
2026-01-29,https://cafe.naver.com/feko/10358414,1,87,히트성형외과 이마축소 상담후기 솔직 정리,박민정 매니저,
2026-01-29,https://cafe.naver.com/feko/10358354,9,92,히트성형외과 이마축소 상담후기,차예나 매니저,2
2026-01-29,https://cafe.naver.com/feko/10357028,2,40,히트에서 꼬막눈 탈출한 후기,한혜빈 매니저,1
2026-01-28,https://sungyesa.com/d03/724660,,79,자연유착 눈매교정 히트 무쌍 쌍수 후기,차예나 매니저,
2026-01-28,https://cafe.naver.com/feko/10351663,14,135,자연유착+눈매교정 무쌍탈출 자연스럽게 성공했어용~~~!,차예나 매니저,1
2026-01-27,https://cafe.naver.com/feko/10348082,7,126,히트 유상수 원장님께 눈밑지한지 2달!!,한혜빈 매니저,3
2026-01-27,https://cafe.naver.com/feko/10347695,3,98,히트성형외과에서 이마축소하고 2일차요,박민정 매니저,
2026-01-26,https://sungyesa.com/d04/321853,,97,얼지흡이랑 실리프팅 만추만추 이중턱 날렸다ㅜㅜ,차예나 매니저,
2026-01-26,https://sungyesa.com/hlist/340182,,,병원찾아삼만리 리뷰,차예나 매니저,
2026-01-26,https://cafe.naver.com/feko/10343753,2,46,히트성형외과 중년안면목거상 박정열 원장님 상담후기,차예나 매니저,1
2026-01-26,https://cafe.naver.com/feko/10343644,12,268,"내시경이마거상 1달차 후기, 꺼진 눈과 사납고 답답한 눈매고민",차예나 매니저,4
2026-01-26,https://sungyesa.com/hlist/340132,,,병원찾아삼만리 리뷰,차예나 매니저,
2026-01-26,https://cafe.naver.com/feko/10342068,2,64,이마축소 저도 할 만한 수술 같아요,박민정 매니저,
2026-01-26,https://cafe.naver.com/feko/10342848,2,36,히트 쌍수+뒤밑트임 한달째!!,한혜빈 매니저,1
2026-01-23,https://sungyesa.com/d04/321692,3,991,[이마] 내시경이마거상 두달차 후기,차예나 매니저,
2026-01-23,https://cafe.naver.com/feko/10335252,12,165,얼지흡+실리프팅 히트에서 수술받았어요!,김채운 매니저,4
2026-01-22,https://cafe.naver.com/feko/10331975,3,43,히트 최주헌원장님한테 얼지흡 받기로 했어요~,김채운 매니저,1
2026-01-22,https://cafe.naver.com/feko/10332066,7,52,히트성형외과 중년 안면거상 안면목거상 미니거상 가격과 원장님상담 후기,차예나 매니저,3
2026-01-22,https://sungyesa.com/b01/1221421,,262,[복코] 짧은코+복코성형 자가늑 무보형물로 성공 ㅠㅠ,차예나 매니저,
2026-01-22,https://cafe.naver.com/feko/10329821,0,120,히트성형외과 자려하게 받은 쌍트 어때요,차예나 매니저,
2026-01-21,https://sungyesa.com/d04/321546,8,881,이마 절반 줄여지고 쌍꺼풀 라인 드디어 잘보이게된 내시경이마거상 + 이마축소 2달차 후기,차예나 매니저,
2026-01-21,https://cafe.naver.com/feko/10327380,5,68,히트에서 투턱 없애려고 얼지흡받은 1주차 후기,한혜빈 매니저,1
2026-01-21,https://cafe.naver.com/feko/10327350,2,97,히트성형외과 유상수원장님 눈재 상담후기,한혜빈 매니저,1
2026-01-21,https://cafe.naver.com/feko/10326255,24,272,"내시경이마거상 (실고정, 본터널링) 후기",차예나 매니저,8
2026-01-20,https://sungyesa.com/d03/723267,,316,"쌍수재수술, 듀얼트임 두달차 후기다 다시 태어난듯",차예나 매니저,
2026-01-20,https://cafe.naver.com/feko/10322662,5,100,히트성형외과 내시경이마거상 ㅎㅅㅊ 상담후기요,차예나 매니저,
2026-01-20,https://cafe.naver.com/feko/10322082,2,45,"히트에서 뒤밑트임, 눈매교정 하고왔어요",한혜빈 매니저,1
2026-01-20,https://cafe.naver.com/feko/10320793,22,208,자가늑 무보형물코수술 히트성형외과 후기입니당,차예나 매니저,2
2026-01-19,https://cafe.naver.com/feko/10316184,15,330,히트에서 이마축소한지 한달! 이마 변화,박민정 매니저,7
2026-01-16,https://sungyesa.com/hlist/337612,,,병원찾아삼만리 리뷰,차예나 매니저,
2026-01-16,https://sungyesa.com/hlist/337586,,,병원찾아삼만리 리뷰,차예나 매니저,
2026-01-16,https://sungyesa.com/b01/1220436,,435,남자 코성형 후기입니다 다른사람이 됐어요,차예나 매니저,
2026-01-16,https://cafe.naver.com/feko/10308449,17,338,히트에서 넓디넓은 이마 줄인지 두달차에용😆,박민정 매니저,5
2026-01-15,https://sungyesa.com/d03/722417,,483,[트임] 부분절개+눈교+듀얼트임+내시경이마거상 한달 후기,차예나 매니저,
2026-01-15,https://cafe.naver.com/feko/10304679,4,224,히트 유원장님 눈재수술 이렇게 잘해준다고..?,김채운 매니저,2
2026-01-14,https://sungyesa.com/d04/321120,,953,뭔짓을 해도 안빠지던 얼굴살 때문에 미치겠어서 얼굴지방흡입 받고온 후기야,차예나 매니저,
2026-01-14,https://cafe.naver.com/feko/10300417,3,59,히트에서 쌍트 받은지 5일차!,한혜빈 매니저,1
2026-01-14,https://cafe.naver.com/feko/10300130,20,238,강남 히트성형외과 2센치 이마축소 상담후기,박민정 매니저,11
2026-01-14,https://cafe.naver.com/feko/10299921,2,210,남자친구 코수술 진짜 잘된거같죠...?,차예나 매니저,
2026-01-13,https://sungyesa.com/b01/1219786,,459,"코수술하고 한달차인데 아직도 옆라인 달라진건 실화인가 싶어,,,,,,,,,,,,",차예나 매니저,
2026-01-13,https://cafe.naver.com/feko/10296610,6,124,히트성형외과 내시경이마거상 대표원장 상담후기,차예나 매니저,2
2026-01-13,https://cafe.naver.com/feko/10295169,6,208,히트성형외과 자가늑 코수술 상담+수술후기,차예나 매니저,1
2026-01-13,https://cafe.naver.com/feko/10294547,2,36,히트에서 쌍트 받기로 결정했어요!,한혜빈 매니저,1
2026-01-12,https://cafe.naver.com/feko/10290800,11,261,히트에서 이마거상+쌍트 수술 받고 훨씬 자연스러워졌어요,김채운 매니저,3
2026-01-12,https://cafe.naver.com/feko/10290279,4,50,얼지흡 상담 완료!,김채운 매니저,2
2026-01-09,https://sungyesa.com/d03/721286,,795,눈재수술 하고나니 어울리게 쌍수해야하는 중요함을 알았음ㅎㅋ,차예나 매니저,
2026-01-09,https://cafe.naver.com/feko/10283656,17,282,얼굴살 많으면 얼지흡 강추강추!!!!,김채운 매니저,3
2026-01-08,https://cafe.naver.com/feko/10280420,5,98,내일 히트 유상수원장님한테 쌍트 받으러 가요...!,김채운 매니저,2
2026-01-08,https://cafe.naver.com/feko/10278442,6,160,왜 이제서야 했을까 싶은... 낮고 뭉툭한코 자려하게 수술한 1개월차 후기,차예나 매니저,
2026-01-07,https://sungyesa.com/d04/320651,7,"1,123",이마거상(추미근절제)+이마축소(골막고정) 후기야..ㅎ,차예나 매니저,
2026-01-07,https://cafe.naver.com/feko/10275741,8,103,강남 히트 성형외과 내시경이마거상 실고정 상담 후기,차예나 매니저,4
2026-01-07,https://cafe.naver.com/feko/10274738,12,201,미운눈매 히트에서 재수술받고 이미지 변신했어요ㅎㅎ,김채운 매니저,2
2026-01-06,https://cafe.naver.com/feko/10272237,14,243,내시경이마거상 히트 성형외과 3주차 후기,차예나 매니저,7
2026-01-06,https://cafe.naver.com/feko/10271675,0,0,,김채운 매니저,1
2026-01-06,https://cafe.naver.com/feko/10269604,28,458,히트성형외과에서 이마축소+이마거상 하고 동안되기,박민정 매니저,11
2026-01-05,https://sungyesa.com/b01/1218385,4,571,코가 전체적인 얼굴라인? 선? 바뀌는건 진짜인거 같아,차예나 매니저,
2026-01-05,https://cafe.naver.com/feko/10267430,17,66,얼지흡+근육묶기 히트에서 받기로 했어요!,김채운 매니저,7
2026-01-05,https://cafe.naver.com/feko/10266185,20,334,코끝모양 때문에 히트성형외과에서 코수술 받은 후기에요,차예나 매니저,8
2026-01-02,https://sungyesa.com/b01/1217994,,308,코수술 받은거 후기 이제 거의 내코느낌? 자리잡은듯,차예나 매니저,
2026-01-02,https://cafe.naver.com/feko/10260462,15,313,"히트 성형외과 한상철 대표원장님 코수술 후기입니다,,🫠",차예나 매니저,7
2026-01-02,https://cafe.naver.com/feko/10259218,9,71,꼬막눈 히트에서 탈출하는걸로 정했어요!,김채운 매니저,3
2025-12-31,https://cafe.naver.com/feko/10254964,28,253,히트 최주헌원장님 얼지흡 너무 잘하잖아ㅠㅠ,김채운 매니저,1
2025-12-31,https://cafe.naver.com/feko/10254948,2,172,히트성형외과 이마축소 상담 했어용,박민정 매니저,
2025-12-30,https://sungyesa.com/d04/320254,,,흉터없이 이마축소한 후기,박민정 매니저,
2025-12-30,https://cafe.naver.com/feko/10252408,9,57,얼지흡이랑 근육묶기 같이 받기로 정했어요~!,김채운 매니저,1
2025-12-30,https://cafe.naver.com/feko/10250552,2,93,제 인생 첫 쌍수 완료 했어요옹~!ㅎㅎ,김채운 매니저,1
2025-12-30,https://cafe.naver.com/feko/10249912,14,331,흉터 없이 이마축소한 후기ㅎㅎㅎ,박민정 매니저,3
2025-12-29,https://sungyesa.com/b01/1217441,,,자려느낌 코수술 원하는 예사?,박민정 매니저,
2025-12-29,https://sungyesa.com/d04/320213,,,얼지흡 실리프팅 후기 턱라인 고민중이라면..,박민정 매니저,
2025-12-29,https://cafe.naver.com/feko/10246916,6,120,내시경이마거상 수술 1달차 후기요,차예나 매니저,1
2025-12-29,https://cafe.naver.com/feko/10246752,24,343,히트성형외과 한상철원장님 코수술 붓기와 전후 코라인 후기용,차예나 매니저,6
2025-12-29,https://cafe.naver.com/feko/10245605,2,77,둥근 헤어라인으로 이마축소 수술,박민정 매니저,
2025-12-26,https://cafe.naver.com/feko/10240636,8,224,히트에서 얼지흡 수술받고 너무 만족해요!!,김채운 매니저,1
2025-12-24,https://sungyesa.com/b01/1216856,,,실리콘 + 자가늑 코수술 후기 올려본다,박민정 매니저,
2025-12-24,https://sungyesa.com/b01/1216840,,,느좋 코수술 후기 매끈매끈,박민정 매니저,
2025-12-24,https://sungyesa.com/b01/1215964,,,코 첫수에 자가늑 썼다가..,박민정 매니저,
2025-12-24,https://cafe.naver.com/feko/10235999,14,490,신논현 히트 성형외과 자가늑 코수술 후기입니다!!,차예나 매니저,1
2025-12-23,https://sungyesa.com/d04/320001,,,이마축소 회복과정 한달차 공유합니당,박민정 매니저,
2025-12-23,https://cafe.naver.com/feko/10232371,8,329,이마축소 회복과정 한달차 사진!!!!,박민정 매니저,3
2025-12-22,https://cafe.naver.com/feko/10226412,4,233,히트 안면거상. 얼지흡. 하안검재수술까지 중년성형도 결국 원장님 경력이 중요한것같아요,차예나 매니저,1
2025-12-19,https://sungyesa.com/d04/319843,,,히트 김정호원장님한테 2cm이마축소 받았어요,박민정 매니저,
2025-12-19,https://cafe.naver.com/feko/10222153,11,186,히트성형외과 대표원장님 코수술 2주차-1달차 경과랑 후기!!,차예나 매니저,2
2025-12-18,https://cafe.naver.com/feko/10218046,16,235,강남 히트성형외과 이마축소 김정호원장님 상담후기,"박민정 매니저,박민정 매니저",4
2025-12-18,https://sungyesa.com/d04/319795,,,이마축소 한달 후기!!,박민정 매니저,
2025-12-18,https://cafe.naver.com/feko/10218218,6,159,자연유착이랑 트임 히트에서 수술받았어요!,김채운 매니저,2
2025-12-18,https://cafe.naver.com/feko/10216776,14,216,얼지흡+실리프팅 후기입니다!,김채운 매니저,1
2025-12-17,https://sungyesa.com/b01/1215964,,,코 첫수에 자가늑 썼다가..,박민정 매니저,
2025-12-17,https://cafe.naver.com/feko/10211200,16,306,이마축소 후기 올립니다!!,박민정 매니저,5
2025-12-16,https://cafe.naver.com/feko/10208169,4,110,히트에서 이마축소 받은지 세달 지났어요!,"박민정 매니저,박민정 매니저",
2025-12-16,https://cafe.naver.com/feko/10209185,2,138,내시경이마거상 히트성형외과 대표원장님 상담후기요..!,차예나 매니저,1
2025-12-16,https://cafe.naver.com/feko/10208957,8,179,중년거상 히트성형외과에서 안면거상 이마거상 눈수술받은거에요!,차예나 매니저,2
2025-12-16,https://cafe.naver.com/feko/10207947,4,72,쌍트 고민하다 히트에서 하기루 정했어요!,김채운 매니저,1
2025-12-15,https://cafe.naver.com/feko/10204193,4,99,강남역 히트성형외과 안면거상 상담후기 (박정열원장님),차예나 매니저,1
2025-12-15,https://cafe.naver.com/feko/10085711,26,260,"강남 히트성형외과 내시경이마거상 상담, 금액 후기",차예나 매니저,13
2025-12-15,https://cafe.naver.com/feko/10203653,6,88,얼굴살 많으면 얼지흡 추천추천!!,김채운 매니저,2
2025-12-15,https://cafe.naver.com/feko/10202684,16,268,복코 자려한 직반라인으로 수술하고 원하는 코모양 겟♥️ 코수술후기요,차예나 매니저,3
2025-12-12,https://sungyesa.com/d03/717586,,,"[쌍꺼풀절개] 히트에서 매몰, 눈교, 앞윗트 수술함",박민정 매니저,
2025-12-12,https://cafe.naver.com/feko/10195480,4,276,저 쌍트 너무 잘됐다 생각하는데 어떤 것 같아요?,김채운 매니저,1
2025-12-12,https://cafe.naver.com/feko/10195131,2,81,히트에서 얼지흡 받은지 4일차에요!,김채운 매니저,1
2025-12-11,https://cafe.naver.com/feko/10191702,18,347,이마축소 한달됐어요 봐주세요ㅎㅎ,박민정 매니저,6
2025-12-10,https://cafe.naver.com/feko/10188088,12,206,생각나서 적어보는 이마축소 5개월차,박민정 매니저,3
2025-12-10,https://cafe.naver.com/feko/10188067,8,171,이마축소 한달차 후기입니다!!!!,박민정 매니저,3
2025-12-10,https://cafe.naver.com/feko/10188183,4,72,뭐든 상담받는게 정확하네요. 저 쌍트 병원 결정했어요!,김채운 매니저,1
2025-12-10,https://cafe.naver.com/feko/10187074,7,156,히트 얼지흡 얼굴라인까지 생각해서 수술해줘요!👍,김채운 매니저,2
2025-12-09,https://cafe.naver.com/feko/10183859,4,66,수능이벤트로 히트에서 쌍수 받는걸로 예약 잡았어요❤️,김채운 매니저,1
2025-12-09,https://cafe.naver.com/feko/10181826,2,212,강남 히트성형외과 안면거상 중년눈수술 후기 효과 좋긴한거같아요...ㅋㅋ,차예나 매니저,1
2025-12-08,https://cafe.naver.com/feko/10179624,30,194,히트성형외과 중년 안면목거상 원장님+금액+상담후기요!,차예나 매니저,13
2025-12-08,https://cafe.naver.com/feko/10179588,5,182,내시경이마거상 본터널링 실고정 1주일차후기,차예나 매니저,1
2025-12-08,https://cafe.naver.com/feko/10179466,12,284,복코수술 자연스럽게 한지 한달차용!!!!!!!! 복코 전후입니당!,차예나 매니저,3
2025-12-08,https://cafe.naver.com/feko/10179369,16,324,히트성형외과 이마축소 상담 다녀왔어요!,박민정 매니저,7
2025-12-08,https://cafe.naver.com/feko/10179011,4,48,내일 히트에서 얼지흡 받아용...!!!,김채운 매니저,1
2025-12-08,https://cafe.naver.com/feko/10178819,3,70,소세지눈 재수술 히트에서 받고왔어요,김채운 매니저,1
2025-12-05,https://cafe.naver.com/feko/10173222,10,74,히트에서 얼지흡 받고왔어요~!,김채운 매니저,2
2025-12-05,https://cafe.naver.com/feko/10173014,14,353,강남 히트 성형외과 낮고 코끝처짐 심했던 복코수술 2주차 후기,차예나 매니저,3
2025-12-04,https://cafe.naver.com/feko/10169317,26,519,히트성형외과 안면거상 이마거상 상담 후기,차예나 매니저,9
2025-12-04,https://cafe.naver.com/feko/10168233,3,67,내일 히트에서 소세지눈 수술 받아요!,김채운 매니저,1
2025-12-04,https://cafe.naver.com/feko/10167816,20,302,히트성형외과 김정호원장님께 이마축소수술 받은 후기!,차예나 매니저,4
2025-12-03,https://cafe.naver.com/feko/10164478,14,163,내시경이마거상 히트 한상철 대표원장님 상담후기,차예나 매니저,7
2025-12-03,https://cafe.naver.com/feko/10164427,2,176,낮은 매부리코 자연스러운 직반라인 코수술 정보 후기 낋여왔어요,차예나 매니저,0
2025-12-02,https://cafe.naver.com/feko/10159158,10,133,히트성형외과 중년 안면거상 상담후기~ 박정열원장님,차예나 매니저,2
2025-12-02,https://cafe.naver.com/feko/10158521,5,182,남자 얼지흡 후기입니다!,김채운 매니저,1
2025-12-01,https://cafe.naver.com/feko/10154193,8,327,히트성형외과 중년거상 후기요 안면거상+이마거상 등,차예나 매니저,4
2025-11-28,https://cafe.naver.com/feko/10148327,2,179,"히트성형외과 윤곽수술 후 처짐 안면거상 상담 후기 남겨요 (미니거상, 안면거상)",차예나 매니저,
2025-11-28,https://cafe.naver.com/feko/10146985,2,181,강남 히트성형외과 한상철 원장님 남자 복코수술 한달차,차예나 매니저,
2025-11-27,https://cafe.naver.com/feko/10143319,19,456,히트성형외과 김정호원장님 2cm 이마축소 후기입니다,차예나 매니저,3
2025-11-26,https://cafe.naver.com/feko/10137075,4,142,리투오 받으니까 화장 엄청 잘먹어요,김채운 매니저,1
2025-11-25,https://cafe.naver.com/feko/10134657,8,251,신논현 히트 성형외과 내시경 이마거상 한상철 원장님 상담후기+수술견적,차예나 매니저,1
2025-11-25,https://cafe.naver.com/feko/10133524,4,86,자연유착 회복 빨라서 좋아요ㅎㅎ,김채운 매니저,1
2025-11-25,https://cafe.naver.com/feko/10132869,42,308,얼지흡 받았는데 없던 턱선 생긴거 실화…?,김채운 매니저,9
2025-11-24,https://cafe.naver.com/feko/10129615,11,216,히트 쌍수 예약 잡아놨는데 시간 너무 안가요😯,김채운 매니저,1
2025-11-24,https://cafe.naver.com/feko/10128816,16,359,신논현 히트성형외과 박정열원장님 코수술 두달차 후기!,차예나 매니저,2
2025-11-21,https://sungyesa.com/b01/1212469,3,217, 코수술 하고 복코 교정 너무 잘됐어요😭,문나래 매니저,
2025-11-21,https://cafe.naver.com/feko/10123737,7,72,히트에서 소세지눈 재수술 받기로 했어요~,김채운 매니저,1
2025-11-21,https://cafe.naver.com/feko/10123514,16,260,미용코+기능코 같이 수술했어요! 무보형물코수술 후기입니당,차예나 매니저,2
2025-11-21,https://sungyesa.com/d04/318448,,95, 이마축소 금액 후기 공유해줄겡,문나래 매니저,
2025-11-21,https://sungyesa.com/d03/714857,3,265,첫 쌍수 성공하고 주변에서 예뻐졌대 ㅎㅎ,문나래 매니저,
2025-11-20,https://cafe.naver.com/feko/10118410,2,302,엄마 눈수술 자연스럽게 잘되서 제가 다 뿌듯해요!,김채운 매니저,1
2025-11-20,https://cafe.naver.com/feko/10116622,23,129,얼굴지방흡입 상담 히트성형외과 다녀왔어용,문나래 매니저,1
2025-11-20,https://cafe.naver.com/feko/10116558,5,147,이마축소 수술 받고 회복중..!,문나래 매니저,1
2025-11-19,https://cafe.naver.com/feko/10114896,7,82,얼굴 지흡 상담 끝~,문나래 매니저,1
2025-11-19,https://sungyesa.com/new/d04/318294,1,229,https://sungyesa.com/new/bbs/board.php?bo_table=d04&wr_id=318294,문나래 매니저,
2025-11-19,https://sungyesa.com/new/b01/1212253,5,444,https://sungyesa.com/new/bbs/board.php?bo_table=b01&wr_id=1212253,문나래 매니저,
2025-11-19,https://cafe.naver.com/feko/10113189,18,268,남자코 자연스럽게 수술했어요,차예나 매니저,4
2025-11-18,https://sungyesa.com/new/d03/714419,1,255,https://sungyesa.com/new/bbs/board.php?bo_table=d03&wr_id=714419,문나래 매니저,
2025-11-18,https://cafe.naver.com/feko/10108471,18,246,실리프팅 얼굴지방흡입 후기,문나래 매니저,4
2025-11-18,https://sungyesa.com/new/b01/1211999,6,315,무보형물 매부리 코수술 후기,문나래 매니저,
2025-11-17,https://sungyesa.com/new/d04/318155,1,267,https://sungyesa.com/new/bbs/board.php?bo_table=d04&wr_id=318155,문나래 매니저,
2025-11-17,https://sungyesa.com/new/d04/318151,1,187,얼굴지방흡입 하고 얼굴형 정리됐어요,문나래 매니저,
2025-11-17,https://cafe.naver.com/feko/10103602,20,370,히트에서 이마축소 받았어요,문나래 매니저,6
2025-11-14,https://sungyesa.com/new/b01/1211458,3,448,https://sungyesa.com/new/bbs/board.php?bo_table=b01&wr_id=1211458,문나래 매니저,
2025-11-14,https://cafe.naver.com/feko/10097855,11,263,강남 히트성형외과에서 복코수술 받았어요!!! 1달차예요!!,차예나 매니저,4
2025-11-13,https://cafe.naver.com/feko/10093191,7,278,이마축소 전후차이 효과 좋죠 ㅋㅋ,문나래 매니저,2
2025-11-12,https://sungyesa.com/new/b01/1211130,4,478, 화살코 자연스럽게 코수술 받았어,문나래 매니저,
2025-11-12,https://cafe.naver.com/feko/10090343,7,198,엘라비에 리투오 효과 엄청 좋네요~,문나래 매니저,2
2025-11-12,https://cafe.naver.com/feko/10089298,4,93,히트에서 쌍트한지 한달 다 되어가요!,김채운 매니저,1
2025-11-12,https://cafe.naver.com/feko/10089095,2,117,상담 받고 이마축소 수술 예약까지 하고 왔어요!!,문나래 매니저,
2025-11-12,https://cafe.naver.com/feko/10088938,0,0,,문나래 매니저,
2025-11-11,https://cafe.naver.com/feko/10085662,3,242,이마축소 실밥제거 하고 오니까 좀 낫네요!!!!!!!,문나래 매니저,
2025-11-11,https://cafe.naver.com/feko/10085711,26,254,"강남 히트성형외과 내시경이마거상 상담, 금액 후기",차예나 매니저,10
2025-11-11,https://sungyesa.com/new/d04/317800,6,572,얼지흡 했는데 얼굴형 바뀜,문나래 매니저,
2025-11-11,https://sungyesa.com/new/d04/317796,1,281,이마축소 후기,문나래 매니저,
2025-11-11,https://cafe.naver.com/feko/10084668,4,382,눈재수술+트임 하고 꼬막눈 이제야 탈출했어요ㅠㅠㅠㅠ,문나래 매니저,
2025-11-10,https://cafe.naver.com/feko/10080767,8,224,히트성형외과 내시경이마거상 한상철원장님 상담후기,차예나 매니저,2
2025-11-10,https://cafe.naver.com/feko/10080001,2,51,더 나이들기전에 재수술하길 너무 잘한것같아요,김채운 매니저,1
2025-11-10,https://cafe.naver.com/feko/10078840,9,325,히트성형외과 자가늑으로 코끝수술 받은 후기입니당,차예나 매니저,1
2025-11-07,https://cafe.naver.com/feko/10074081,22,269,얼굴지방흡입 실리프팅 회복할게 없네요~,문나래 매니저,6
2025-11-07,https://cafe.naver.com/feko/10072840,14,211,내시경이마거상 실고정 본터널링 수술후기,차예나 매니저,4
2025-11-06,https://sungyesa.com/new/d03/712803,,"1,583",이마거상이랑 쌍수 같이 하고 이미지 확 바꼇대,문나래 매니저,
2025-11-06,https://cafe.naver.com/feko/10069809,10,119,이마축소 히트에서 수술 받고왔어요 실밥 얼른 제거하고픈..,문나래 매니저,2
2025-11-06,https://cafe.naver.com/feko/10069558,0,62,얼굴지방흡입 상담후기!,문나래 매니저,1
2025-11-06,https://cafe.naver.com/feko/10068384,42,417,이마축소 했는데 체감상 반절이 줄어든거 같아요,문나래 매니저,10
2025-11-06,https://cafe.naver.com/feko/10070445,4,87,히트성형외과 상담후기 중년 안면거상 수술비용 공유,차예나 매니저,2
2025-11-05,https://sungyesa.com/new/b01/1210165,4,651,코수술 성공 후기,문나래 매니저,
2025-11-05,https://cafe.naver.com/feko/10065655,4,263,"쌍트, 눈교 이정도면 대성공인거죠!?",김채운 매니저,1
2025-11-04,https://sungyesa.com/new/d04/317388,2,323,얼굴지방흡입 실리프팅 효과 만족스럽,문나래 매니저,
2025-11-04,https://cafe.naver.com/feko/10060823,7,133,이마 드디어 줄이고왔읍니다ㅜㅠㅠ,문나래 매니저,
2025-11-04,https://cafe.naver.com/feko/10060526,24,418,눈이 또렷해보이지 않아 내시경이마거상 수술받은 후기요!,차예나 매니저,8
2025-11-04,https://sungyesa.com/new/d04/317370,4,407,이마축소 세달 지난 후기,문나래 매니저,
2025-11-03,https://cafe.naver.com/feko/10057142,2,101,첫쌍수 자연유착 괜찮네요!?,김채운 매니저,
2025-11-03,https://cafe.naver.com/feko/10056944,20,344,히트성형외과 화려코 한상철원장님 코수술 후기요!,차예나 매니저,5
2025-11-03,https://cafe.naver.com/feko/10055851,0,0,,문나래 매니저,
2025-10-31,https://cafe.naver.com/feko/10050251,8,111,환절기에 리투오 효과 진짜 좋아용~🫶,문나래 매니저,1
2025-10-31,https://cafe.naver.com/feko/10050179,24,230,히트 이마축소 상담 다녀왔어요~,문나래 매니저,1
2025-10-30,https://cafe.naver.com/feko/10047431,8,413,복코 히트성형외과 무보형물코수술 후기입니당,차예나 매니저,
2025-10-30,https://cafe.naver.com/feko/10047121,7,215,히트성형외과로 쌍수 결정했어요!,김채운 매니저,1
2025-10-30,https://cafe.naver.com/feko/10045567,15,209,이마축소 상담 다 다녀왔고 수술도 예약했어요~3~,문나래 매니저,2
2025-10-29,https://cafe.naver.com/feko/10043980,19,380,히트에서 이마축소 받은 후기 공유해요!,문나래 매니저,2
2025-10-29,https://cafe.naver.com/feko/10043563,4,218,내시경이마거상 이주일차! 붓기 진짜 많이 빠졌어요!,차예나 매니저,1
2025-10-28,https://cafe.naver.com/feko/10038586,3,103,이마축소 3주차 헤어라인 붉은끼 좋아졌어요,문나래 매니저,1
2025-10-28,https://cafe.naver.com/feko/10038110,70,889,히트성형외과 얼굴지방흡입 후기,문나래 매니저,3
2025-10-27,https://cafe.naver.com/feko/10035291,2,58,히트성형외과 중년거상 상담 썰풉니다,차예나 매니저,1
2025-10-27,https://cafe.naver.com/feko/10033874,4,220,쌍수랑 눈매교정 받으니까 훨씬 편해졌어요!,김채운 매니저,1
2025-10-27,https://cafe.naver.com/feko/10033539,5,115,얼굴지방흡입 수술 드디어 받았어요~,문나래 매니저,1
2025-10-24,https://cafe.naver.com/feko/10027626,0,243,히트성형외과 박정열원장님 남자코수술 전후 후기입니다,차예나 매니저,0
2025-10-23,https://cafe.naver.com/feko/10024599,2,67,더 나이들기전에 재수술 할수있어서 맘편해졌어요,김채운 매니저,
2025-10-23,https://cafe.naver.com/feko/10024560,13,370,"얼굴지방흡입, 실리프팅, 앞턱지방이식 하고 난 후기",문나래 매니저,
2025-10-23,https://cafe.naver.com/feko/10023871,2,139,내시경이마거상 수술 1주일 지난 후기요,차예나 매니저,
2025-10-22,https://cafe.naver.com/feko/10019591,59,931,"히트성형외과 이마축소 수술 전, 후 후기 공유해요ㅋㅋ",문나래 매니저,14
2025-10-22,https://cafe.naver.com/feko/10019165,5,387,내시경이마거상 일주일차ㅠㅠ 효과는 바로 보임 붓기와 통증ㅠㅠ,차예나 매니저,2
2025-10-21,https://cafe.naver.com/feko/10014830,28,329,남동생 쌍트하고 사람됐어요ㅋㅋㅋㅋㅋ,김채운 매니저,8
2025-10-20,https://cafe.naver.com/feko/10011143,6,53,눈재수술 생각보다 첫수보다 회복 빨리 됐어요!,김채운 매니저,
2025-10-20,https://cafe.naver.com/feko/10008833,6,319,뭉툭하고 뚱뚱한 느낌의 복코탈출하려고 코수술 받은 후기용,차예나 매니저,1
2025-10-17,https://cafe.naver.com/feko/10004769,8,415,히트 이마축소 수술 전후차이 후기,문나래 매니저,4
2025-10-17,https://cafe.naver.com/feko/10004299,6,91,연휴전에 쌍수하니까 지금은 붓기 거의 다 빠졌어요!,김채운 매니저,1
2025-10-17,https://cafe.naver.com/feko/10004128,4,83,본터널링으로 이마거상 받은거 오늘 실밥풀고 왔어요 ㅋㅋㅋ,차예나 매니저,1
2025-10-16,https://cafe.naver.com/feko/9999889,2,43,히트성형외과 안면거상 상담후기,차예나 매니저,1
2025-10-16,https://cafe.naver.com/feko/9997978,2,162,코수술 하고나서 옆태가 진짜 많이 달라진거 같아용😊,차예나 매니저,
2025-10-15,https://cafe.naver.com/feko/9995349,4,89,첫쌍수 자연유착으로 받았어요☺️,김채운 매니저,1
2025-10-15,https://cafe.naver.com/feko/9993894,5,192,히트에서 얼지흡+실리프팅,문나래 매니저,1
2025-10-14,https://cafe.naver.com/feko/9990124,2,95,이마가 너무 길어서 이마축소 하고 이번에 실밥제거도 했어요ㅋㅋ,문나래 매니저,1
2025-10-14,https://cafe.naver.com/feko/9989754,2,47,이번달말에 쌍수 할거에요!,김채운 매니저,1
2025-10-14,https://cafe.naver.com/feko/9989274,26,266,이마거상이랑 쌍수 같이했는데 효과가 생각보다 많이 좋은거 같음...,차예나 매니저,7
2025-10-13,https://cafe.naver.com/feko/9985422,4,151,내시경이마거상 본터널링 실고정 수술 1달차 찐후기,차예나 매니저,2
2025-10-13,https://cafe.naver.com/feko/9984128,6,462,히트성형외과에서 첫 쌍수 받았는데 어때요?,김채운 매니저,3
2025-10-13,https://cafe.naver.com/feko/9984105,29,406,히트성형외과 얼굴지방흡입 최주헌원장님 후기용,문나래 매니저,3
2025-10-13,https://cafe.naver.com/feko/9983546,6,123,히트에서 이마축소 받고 한달 지났어요!,문나래 매니저,3
2025-10-10,https://cafe.naver.com/feko/9978000,24,221,히트성형외과 내시경이마거상 본터널링 참고해 보세요~ (상담+가격후기),차예나 매니저,3
2025-10-10,https://cafe.naver.com/feko/9977482,7,166,피부관리 리투오 해써용~!,문나래 매니저,
2025-10-10,https://cafe.naver.com/feko/9977468,7,266,이마축소 골막고정 수술 히트에서 받았어요,문나래 매니저,2
2025-10-09,https://cafe.naver.com/feko/9975145,6,178,내시경이마거상 실고정 1달차 수술후기,차예나 매니저,2
2025-10-03,https://cafe.naver.com/feko/9969410,0,0,,차예나 매니저,3
2025-10-02,https://cafe.naver.com/feko/9967214,19,425,히트성형외과 코수술 후기 (한상철원장님),차예나 매니저,7
2025-10-01,https://cafe.naver.com/feko/9963860,0,0,,차예나 매니저,
2025-10-01,https://cafe.naver.com/feko/9963230,7,58,연휴전에 쌍수 받는사람 나야나~,김채운 매니저,1
2025-10-01,https://cafe.naver.com/feko/9963049,4,233,이마축소 실밥제거 했어요 ㅋㅋ,문나래 매니저,1
2025-10-01,https://cafe.naver.com/feko/9962330,10,80,얼지흡+실리프팅 히트에서 바로 하고왔어요,문나래 매니저,2
2025-10-01,https://cafe.naver.com/feko/9962259,7,219,"히트성형외과 기능미용코수술, 얼굴지방흡입, 얼굴지방이식 수술받은 후기",문나래 매니저,3
2025-09-30,https://cafe.naver.com/feko/9958328,8,195,얼굴지방흡입 붓기x 후기,문나래 매니저,
2025-09-29,https://cafe.naver.com/feko/9953415,12,217,내시경이마거상 2달차 후기,차예나 매니저,2
2025-09-29,https://cafe.naver.com/feko/9951739,0,321,이마축소 수술했어요 ㅋㅋㅋ,문나래 매니저,2
2025-09-29,https://cafe.naver.com/fox5282/4415768,2,27,얼굴지방흡입 상담 후기,문나래 매니저,
2025-09-29,https://cafe.naver.com/feko/9951648,2,59,얼굴지방흡입 상담 다녀온 후기,문나래 매니저,1
2025-09-29,https://cafe.naver.com/feko/9951627,8,156,이마축소 히트성형외과 상담후기 김정호원장님께 받았어요,문나래 매니저,1
2025-09-26,https://cafe.naver.com/feko/9948191,11,104,얼굴지방흡입 히트 상담후기....!!,문나래 매니저,1
2025-09-26,https://cafe.naver.com/feko/9948535,9,207,납작한 복코 탈출을 위해 고민하던 코수술받은 후기입니다😭,차예나 매니저,2
2025-09-25,https://sungyesa.com/new/d03/707192,,,쌍커풀 하고 이미지 많이 바뀐거 같대 ㅎㅎ,문나래 매니저,
2025-09-25,https://cafe.naver.com/feko/9944179,6,200,첫 쌍커풀수술 성공하고 칭찬 많이 들었어요,문나래 매니저,
2025-09-25,https://cafe.naver.com/feko/9943523,3,189,내시경이마거상 실고정 2주차 수술후기,차예나 매니저,1
2025-09-24,https://cafe.naver.com/feko/9940647,28,224,히트성형외과 내시경이마거상 상담후기 본터널링 가격,차예나 매니저,1
2025-09-24,https://sungyesa.com/new/d04/315190,,,"내시경이마거상, 자연유착 쌍수 같이 했어",문나래 매니저,
2025-09-24,https://cafe.naver.com/feko/9940140,61,"1,598",히트성형외과 이마축소 후기 금액 정보 공유,문나래 매니저,10
2025-09-24,https://cafe.naver.com/fox5282/4408938,4,39,드디어 다음주에 쌍수를 하긴하네요!!,김채운 매니저,1
2025-09-23,https://sungyesa.com/new/b01/1203827,,,https://sungyesa.com/new/bbs/board.php?bo_table=b01&wr_id=1203827,문나래 매니저,
2025-09-23,https://cafe.naver.com/feko/9935439,4,71,히트에서 얼굴지방흡입 수술했어요,문나래 매니저,
2025-09-23,https://cafe.naver.com/feko/9934123,11,249,촌스러운 이미지 탈출하고 싶어 받은 코수술 후기,차예나 매니저,1
2025-09-22,https://sungyesa.com/new/d04/315048,,,이마축소 너무 잘한 선택인거 같아,문나래 매니저,
2025-09-22,https://cafe.naver.com/feko/9929797,17,302,히트성형외과 유상수원장님 상담받고 바로 결정했어요!👍,김채운 매니저,3
2025-09-22,https://cafe.naver.com/feko/9930693,12,417,눈재수술과 내시경이마거상 같이 한 이유와 수술후기,차예나 매니저,1
2025-09-19,https://sungyesa.com/new/b01/1203305,,,늘린 코수술 후기,문나래 매니저,
2025-09-19,https://cafe.naver.com/feko/9923586,10,154,이마축소 상담 받았는데 이마축소 하기 좋은 조건이래요 ㅋㅋ,문나래 매니저,5
2025-09-19,https://cafe.naver.com/feko/9923165,6,239,내시경이마거상 실고정 본터널링으로 받은 후기,차예나 매니저,
2025-09-18,https://sungyesa.com/new/d04/314855,,,얼굴지흡 전후차이 대박이에요,문나래 매니저,
2025-09-18,https://cafe.naver.com/feko/9919652,4,91,얼굴지방흡입 실리프팅 일주일 됐는데 붓기 진짜 없는거 같아요,문나래 매니저,2
2025-09-18,https://cafe.naver.com/feko/9919638,13,203,무보형물로 코끝이랑 매부리코 수술한 후기,차예나 매니저,3
2025-09-18,https://cafe.naver.com/feko/9919031,13,59,저 눈재 성공한것같아요ㅠㅠㅠ!!!👍,김채운 매니저,4
2025-09-17,https://sungyesa.com/new/d03/706044,,,4년만에 눈재수술 받고 성공,문나래 매니저,
2025-09-17,https://cafe.naver.com/feko/9915049,0,51,얼굴지방흡입 상담 받고왔어요 ㅎㅎ,문나래 매니저,1
2025-09-17,https://cafe.naver.com/feko/9914991,18,472,이마축소 히트 김정호원장님께 받구 한달 지남용,문나래 매니저,8
2025-09-17,https://cafe.naver.com/feko/9914492,4,185,히트 이마축소 상담후기,문나래 매니저,2
2025-09-17,https://cafe.naver.com/feko/9913897,7,183,내시경이마거상 본터널링 실고정 수술 1주차 찐후기,차예나 매니저,1
2025-09-17,https://cafe.naver.com/feko/9913698,2,53,풀린눈 재수술 병원 정했어요~,김채운 매니저,1
2025-09-16,https://cafe.naver.com/feko/9910759,13,377,내시경이마거상 장단점 3달차 수술후기,차예나 매니저,2
2025-09-16,https://cafe.naver.com/feko/9909791,4,150,얼굴지방흡입 하고 얼굴 굴곡 싹 정리됐어요❤️❤️❤️,문나래 매니저,1
2025-09-15,https://sungyesa.com/new/d03/705707,,,눈재수술 했는데 이게 마지막인거면 좋겠다!!!,문나래 매니저,
2025-09-15,https://cafe.naver.com/feko/9905779,5,378,이마축소 수술후기,문나래 매니저,1
2025-09-15,https://cafe.naver.com/feko/9905653,2,81,히트 유상수원장님 상담 친절하게 잘해주셨어요!,김채운 매니저,1
2025-09-15,https://cafe.naver.com/feko/9905564,30,347,히트성형외과에서 얼굴지방흡입 실리프팅 받구왔어요,문나래 매니저,6
2025-09-15,https://cafe.naver.com/feko/9905063,0,0,,차예나 매니저,2
2025-09-12,https://cafe.naver.com/feko/9898065,14,247,화살코 때문에 자연스럽게 코수술 받은 후기,차예나 매니저,6
2025-09-11,https://cafe.naver.com/feko/9895673,29,249,히트 이마축소 상담 후기 공유해요,문나래 매니저,10
2025-09-11,https://cafe.naver.com/feko/9895199,8,240,얼굴지방흡입 상담때 CT 안찍었으면 윤곽수술 받으러 갈뻔,문나래 매니저,2
2025-09-11,https://cafe.naver.com/feko/9895003,5,98,실고정 본터널링 내시경이마거상 상담후기요,차예나 매니저,2
2025-09-10,https://cafe.naver.com/feko/9890928,4,287,이마축소 신중하게 받으세요~,문나래 매니저,1
2025-09-10,https://cafe.naver.com/feko/9890327,85,972,히트성형외과 내시경이마거상 상담후기,차예나 매니저,8
2025-09-09,https://sungyesa.com/new/b01/1201939,,,코수술 https://sungyesa.com/new/bbs/board.php?bo_table=b01&wr_id=1201939,문나래 매니저,
2025-09-09,https://cafe.naver.com/feko/9885905,3,34,강남 안면거상 상담후기 (히트성형외과),차예나 매니저,2
2025-09-09,https://cafe.naver.com/feko/9885517,9,365,이마거상이랑 쌍수 같이 하니까 이미지 확 바뀌네요!,김채운 매니저,2
2025-09-09,https://cafe.naver.com/feko/9884058,6,185,서울 이마축소 상담후기,문나래 매니저,3
2025-09-08,https://sungyesa.com/new/d04/314241,,,이마축소 받았어~,문나래 매니저,
2025-09-08,https://cafe.naver.com/feko/9880607,2,217,코수술 성공해서 남기는 후기😤♥️,차예나 매니저,1
2025-09-05,https://sungyesa.com/new/d04/314049,,,https://sungyesa.com/new/bbs/board.php?bo_table=d04&wr_id=314049,문나래 매니저,
2025-09-05,https://cafe.naver.com/feko/9875217,16,293,히트성형외과 얼굴지방흡입 실리프팅 최주헌원장님 후기!,문나래 매니저,3
2025-09-04,https://sungyesa.com/new/b01/1201047,,,복코+매부리코 코수술 후기,문나래 매니저,
2025-09-04,https://cafe.naver.com/feko/9871336,4,63,연휴전에 쌍수 받을수있겠어요!,김채운 매니저,2
2025-09-04,https://cafe.naver.com/feko/9870579,19,348,이마축소 히트성형외과 세달 지난 후기,문나래 매니저,6
2025-09-04,https://cafe.naver.com/feko/9870571,0,0,,차예나 매니저,3
2025-09-04,https://cafe.naver.com/feko/9870080,12,151,얼굴지방흡입 히트성형외과 상담요! 참고하세요ㅎ0ㅎ,문나래 매니저,4
2025-09-03,https://cafe.naver.com/feko/9866601,4,142,내시경이마거상 2달차 후기,차예나 매니저,2
2025-09-03,https://cafe.naver.com/feko/9865188,4,347,"쌍수 전,후 차이가 이렇게 크다구!?",김채운 매니저,2
2025-09-02,https://sungyesa.com/new/d03/703614,,,자연유착 눈매교정 트임하고 눈 떳어 ㅋㅋㅋ,문나래 매니저,
2025-09-02,https://cafe.naver.com/feko/9862131,18,411,"내시경이마거상, 자연유착 쌍수 같이받고온 후기",차예나 매니저,7
2025-09-01,https://cafe.naver.com/feko/9857851,8,35,눈재수술 전날 주의할거 있을까요?,김채운 매니저,1
2025-09-01,https://sungyesa.com/new/d04/313670,,,이마축소 하니까 헤어라인도 교정된느낌..?,문나래 매니저,
2025-09-01,https://cafe.naver.com/feko/9857134,0,0,,차예나 매니저,
2025-08-29,https://sungyesa.com/new/d04/313486,,,얼지흡 회복 짱 빠름~ 2주차 사진임,문나래 매니저,
2025-08-29,https://cafe.naver.com/feko/9850243,66,321,이마축소 정말 잘한 선택인거 같아요,문나래 매니저,14
2025-08-29,https://cafe.naver.com/feko/9849827,17,300,내시경이마거상 3달차 후기,차예나 매니저,
2025-08-28,https://cafe.naver.com/feko/9847400,8,233,코수술 너무 만족하는 1달차 성형후기,차예나 매니저,2
2025-08-28,https://sungyesa.com/new/b01/1199804,,,복코 자연스러운 직반으로 수술 귯귯,문나래 매니저,
2025-08-27,https://sungyesa.com/new/m02/43042,,,웨촬 전 남친 쌍수함,문나래 매니저,
2025-08-27,https://cafe.naver.com/feko/9842008,8,145,히트성형외과 안면거상 미니거상 전문원장님 상담후기,차예나 매니저,1
2025-08-27,https://cafe.naver.com/feko/9841879,11,253,얼굴지방흡입 전후차이 대박이네요,문나래 매니저,1
2025-08-27,https://cafe.naver.com/feko/9841622,6,119,이마축소 반년 지나니까 너무너무 자연스러워요 ㅎㅎ,문나래 매니저,1
2025-08-26,https://sungyesa.com/new/d04/313227,,,이마축소 골막고정 했어요,문나래 매니저,
2025-08-26,https://cafe.naver.com/feko/9838306,2,247,4년만에 눈재수술 받은거 성공한거 같아요;;;,차예나 매니저,
2025-08-26,https://cafe.naver.com/feko/9837513,4,75,얼굴지방흡입 멍 붓기 그렇게 심하지 않네요!,문나래 매니저,1
2025-08-25,https://sungyesa.com/new/d04/313134,,,얼굴지방흡입 실리프팅 수술 후기,문나래 매니저,
2025-08-25,https://cafe.naver.com/feko/9831941,5,143,무보형물로 수술받은거 잘된거 같아요 ㅁㅊㅁㅊ,차예나 매니저,1
2025-08-22,https://sungyesa.com/new/b01/1198728,,,기능+미용코 후기 공유해요!!,문나래 매니저,
2025-08-22,https://cafe.naver.com/feko/9826245,2,237,이마축소 실밥제거 하고 왔어요~,문나래 매니저,
2025-08-22,https://cafe.naver.com/feko/9826196,6,126,얼굴지방흡입 실리프팅 했어요!,문나래 매니저,1
2025-08-22,https://cafe.naver.com/feko/9825645,12,265,이번이 마지막 눈재수술 대성공!,김채운 매니저,4
2025-08-21,https://cafe.naver.com/feko/9821803,2,42,얼굴지방흡입 상담 받구 왔어요!!,문나래 매니저,1
2025-08-21,https://cafe.naver.com/feko/9821941,10,210,자려한 느낌나면서 자연스럽게 코수술 잘된후기,차예나 매니저,1
2025-08-21,https://cafe.naver.com/feko/9821614,18,605,이마축소 이벤트 히트성형외과 수술 후기 공유해요,문나래 매니저,4
2025-08-21,https://sungyesa.com/new/d03/701713,,,내시경이마거상+눈재수술 같이 하구 한달도 안됨!,문나래 매니저,
2025-08-20,https://cafe.naver.com/feko/9816440,3,143,쌍수+이마축소 세달차에요,문나래 매니저,1
2025-08-20,https://sungyesa.com/new/b01/1198222,,,코 첫수술 때 매부리 교정 안돼서 코재수술 했어ㅠㅠ,문나래 매니저,
2025-08-20,https://cafe.naver.com/feko/9815350,27,809,신논현역 히트성형외과 이마축소 후기~~,문나래 매니저,4
2025-08-19,https://sungyesa.com/new/d04/312620,,,https://sungyesa.com/new/bbs/board.php?bo_table=d04&wr_id=312620,문나래 매니저,
2025-08-19,https://cafe.naver.com/feko/9812799,50,817,얼굴지방흡입 실리프팅 히트성형외과 3주차 후기,문나래 매니저,8
2025-08-19,https://cafe.naver.com/feko/9812784,3,39,내일 쌍트 받는데 너무 떨려요!!,김채운 매니저,1
2025-08-19,https://cafe.naver.com/feko/9812628,4,127,안면거상 1달차 후기요,차예나 매니저,2
2025-08-18,https://sungyesa.com/new/d04/312487,,,이마축소 했는데 2cm 차이가 이렇게 크다니 ㅋㅋ,문나래 매니저,
2025-08-18,https://cafe.naver.com/feko/9807853,1,77,이마축소 상담후기 히트 김정호원장님으로 결정했어요~~,문나래 매니저,1
2025-08-18,https://cafe.naver.com/feko/9807502,18,204,히트 내시경이마거상 실고정 한상철원장님 상담후기,차예나 매니저,5
2025-08-18,https://cafe.naver.com/feko/9807296,23,414,히트 복코+매부리코 코수술 후기,차예나 매니저,8
2025-08-14,https://sungyesa.com/new/d04/312231,,,얼굴지방흡입 얼굴지방이식 실리프팅 했슴둥,문나래 매니저,
2025-08-14,https://cafe.naver.com/feko/9801027,4,190,자연유착 눈교 트임했는데 이정도면 성공인거죠?,문나래 매니저,1
2025-08-14,https://cafe.naver.com/feko/9801022,1,208,히트성형외과에서 쌍수 하기로 했어요!,김채운 매니저,
2025-08-14,https://cafe.naver.com/feko/9800985,8,99,얼굴지방흡입 히트에서 하기로 했어요!,문나래 매니저,1
2025-08-13,https://cafe.naver.com/feko/9797018,7,355,이마축소 전후차이 보실분.. ㅋㅋ,문나래 매니저,2
2025-08-13,https://cafe.naver.com/feko/9796623,0,0,,차예나 매니저,
2025-08-13,https://sungyesa.com/new/d03/700469,,,쌍수 시키고 안경도 벗겨놨다 드디어,문나래 매니저,
2025-08-12,https://cafe.naver.com/feko/9793150,8,269,얼굴지방흡입 회복 빠르죠 2주차고 실리프팅도 한거에요 ~,문나래 매니저,1
2025-08-12,https://sungyesa.com/new/d04/312026,,,이중턱 얼굴지방흡입 회복 빠르다,문나래 매니저,
2025-08-12,https://cafe.naver.com/feko/9792628,0,0,,차예나 매니저,1
2025-08-12,https://cafe.naver.com/feko/9791606,6,187,이마축소 5일차,문나래 매니저,2
2025-08-12,https://cafe.naver.com/feko/9791544,0,72,실리프팅 얼굴지방흡입 히트성형외과에서 받고왔어요,문나래 매니저,
2025-08-11,https://sungyesa.com/new/d04/311855,,,이마 넓어서 이마축소 했는데 효과 너무 좋아요,문나래 매니저,
2025-08-11,https://cafe.naver.com/feko/9787569,4,242,낮고 작은 복코 자연스럽게 오똑해지기 대성공,차예나 매니저,1
2025-08-11,https://cafe.naver.com/feko/9787529,2,64,쌍수상담 너무 만족했어요!!!,김채운 매니저,1
2025-08-11,https://cafe.naver.com/feko/9786366,41,666,히트성형외과 이마축소 상담 가격 공유,문나래 매니저,5
2025-08-11,https://cafe.naver.com/feko/9786013,12,142,이마축소 히트에서 수술했어요~,문나래 매니저,2
2025-08-08,https://sungyesa.com/new/b01/1196173,,,무보형물 비중격으로 코수술 받았어,문나래 매니저,
2025-08-08,https://cafe.naver.com/feko/9779525,8,374,웨딩촬영전에 남자친구 쌍수했는데 인상 선해졋어요!,김채운 매니저,3
2025-08-07,https://cafe.naver.com/feko/9776703,2,71,자연유착으로 쌍수 완룡~,김채운 매니저,1
2025-08-07,https://sungyesa.com/new/b01/1195967,,,필러 녹이고 코수술 했는데 모양 교정 넘 잘 됏어ㅜㅜ,문나래 매니저,
2025-08-07,https://cafe.naver.com/feko/9776576,27,594,히트성형외과에서 이마축소 골막고정 했어요...!,문나래 매니저,6
2025-08-07,https://cafe.naver.com/feko/9775297,4,198,실고정 본터널링으로 내시경이마거상 받은지 3주차후기ㅜㅜ,차예나 매니저,1
2025-08-06,https://cafe.naver.com/feko/9772440,11,227,신논현역 얼굴지방흡입 실리프팅 수술 후기,문나래 매니저,3
2025-08-06,https://sungyesa.com/new/d04/311406,,,이마축소 수술 후기 (2cm 줄였삼),문나래 매니저,
2025-08-06,https://cafe.naver.com/feko/9771832,12,251,고민만 수천번하다 이마축소 히트성형외과 이벤트 상담 받고왔어용!,문나래 매니저,2
2025-08-05,https://sungyesa.com/new/d04/311304,,,얼굴지방흡입이랑 실리프팅 수술 받았어,문나래 매니저,
2025-08-05,https://cafe.naver.com/feko/9767252,19,124,이마축소 상담 다녀왔어요~,문나래 매니저,9
2025-08-05,https://cafe.naver.com/feko/9767119,28,422,히트성형외과 얼굴지방흡입+실리프팅 수술 후기,문나래 매니저,4
2025-08-05,https://cafe.naver.com/feko/9766487,0,0,,차예나 매니저,
2025-08-04,https://cafe.naver.com/feko/9762759,8,99,히트에서 자연유착으로 쌍수받았어요!,김채운 매니저,2
2025-08-04,https://cafe.naver.com/feko/9762602,10,215,내시경이마거상 1달차 후기,차예나 매니저,4
2025-08-04,https://cafe.naver.com/feko/9762473,14,261,눈재+내시경이마거상 같이 받은지 2주정도 됐어요..!,차예나 매니저,6
2025-08-01,https://sungyesa.com/new/d04/310967,,,눈재 받으면서 이마거상 하길 잘한듯해..,문나래 매니저,
2025-08-01,https://cafe.naver.com/feko/9756884,11,384,코재수술 후기 점점 갈수록 코가 더 맘에드는 중...ㅠ,차예나 매니저,3
2025-08-01,https://sungyesa.com/new/m02/42799,,,눈매교정이 눈 커지게 만들어주네,문나래 매니저,
2025-07-31,https://cafe.naver.com/feko/9753005,0,0,,차예나 매니저,
2025-07-31,https://cafe.naver.com/feko/9750929,7,57,원래 남자들이 회복이 더 빨라요???,김채운 매니저,
2025-07-31,https://cafe.naver.com/feko/9750474,4,253,얼굴지방흡입 실리프팅 히트성형외과 수술 후기예요...!,문나래 매니저,1
2025-07-30,https://cafe.naver.com/feko/9748098,13,245,히트성형외과 내시경이마거상 상담후기,차예나 매니저,
2025-07-30,https://cafe.naver.com/feko/9747224,18,491,M자 헤어라인 왁싱하고 이마축소 히트성형외과 김정호원장님,문나래 매니저,2
2025-07-29,https://cafe.naver.com/feko/9744615,0,0,,문나래 매니저,1
2025-07-29,https://cafe.naver.com/feko/9743167,4,147,자연유착으로 쌍수받고 왔어요!,김채운 매니저,1
2025-07-28,https://cafe.naver.com/feko/9740392,3,101,안면거상 상담후기 히트성형외과 박정열원장님,차예나 매니저,1
2025-07-28,https://cafe.naver.com/feko/9740288,16,397,내시경이마거상 수술 받은지 1달차 많이 자연스러워졌어요ㅠㅠ,차예나 매니저,5
2025-07-28,https://cafe.naver.com/feko/9737878,14,286,남동생 쌍수 전후차이 대박이지 않아요?,김채운 매니저,3
2025-07-27,https://cafe.naver.com/feko/9736134,6,337,이중턱 얼굴지방흡입 붓기 없고 회복 엄청 빨라요,문나래 매니저,1
2025-07-24,https://cafe.naver.com/feko/9729730,5,286,히트성형외과 얼굴지방흡입+실리프팅 상담 후기,문나래 매니저,1
2025-07-24,https://cafe.naver.com/feko/9728993,0,0,,문나래 매니저,8
2025-07-24,https://cafe.naver.com/feko/9728887,17,777,내시경 이마거상 수술후기 (2주차),차예나 매니저,3
2025-07-23,https://sungyesa.com/new/b01/1193250,,,직반라인 코수술 2달차 옆태 잘나온거 같아 ㅎㅎ,문나래 매니저,
2025-07-23,https://cafe.naver.com/feko/9723559,12,366,무보형물로 코수술 받았는데 코 너무 예쁘게 잘된거 같아요;;,차예나 매니저,
2025-07-22,https://cafe.naver.com/feko/9720249,3,79,드디어 이번주 쌍수 디데이에요!,김채운 매니저,
2025-07-22,https://cafe.naver.com/feko/9720064,0,204,눈재 받을때 이마거상 같이하길 잘한거 같아요,차예나 매니저,0
2025-07-22,https://cafe.naver.com/feko/9719841,14,230,내시경이마거상 2달차 후기,차예나 매니저,4
2025-07-21,https://cafe.naver.com/fox5282/4283983,5,29,쌍수 발품 다니는게 훨씬 도움되요!,김채운 매니저,3
2025-07-21,https://cafe.naver.com/feko/9715206,4,197,구축온 코처럼 짧은 코끝과 낮은 콧대 때문에 수술받은 후기예요,차예나 매니저,2
2025-07-21,https://sungyesa.com/new/b01/1192746,,,짧고 낮은 복코 수술 두달 차,문나래 매니저,
2025-07-18,https://cafe.naver.com/feko/9709235,10,226,내시경이마거상 수술후기 1달차 공유,차예나 매니저,2
2025-07-18,https://sungyesa.com/new/free/5984558,,,나 이마축소 했어,문나래 매니저,
2025-07-18,https://cafe.naver.com/feko/9708659,24,514,이마축소 수술후기,문나래 매니저,9
2025-07-17,https://cafe.naver.com/feko/9705438,0,0,,"문나래 매니저,문나래 매니저",1
2025-07-17,https://sungyesa.com/new/d04/309769,,,실리프팅 얼굴지방흡입 했어요..!,"문나래 매니저,문나래 매니저",
2025-07-17,https://cafe.naver.com/feko/9703841,2,21,비와도 상담 돌아보길 잘했다ㅎㅎㅎ,김채운 매니저,
2025-07-16,https://cafe.naver.com/feko/9700040,16,354,히트성형외과에서 남동생 쌍수 시켜줬어요,김채운 매니저,4
2025-07-16,https://sungyesa.com/new/d04/309644,,,내시경이마거상 수술 후기,문나래 매니저,
2025-07-15,https://sungyesa.com/new/b01/1191785,,,매부리 화살코 수술했는데 코 라인 모양 어때!!,"문나래 매니저,문나래 매니저",
2025-07-15,https://cafe.naver.com/feko/9696248,16,234,코수술 2달차 직반라인으로 수술받았는데 옆태가 많이 예뻐졌어요 ㅎㅎ,차예나 매니저,3
2025-07-14,https://cafe.naver.com/feko/9691935,5,84,눈재 하길 너무너무 잘했다...,김채운 매니저,1
2025-07-14,https://sungyesa.com/new/d03/695327,,,꺾이고 겹주름 져있던거 자연스럽게 눈수술 했어요! ,문나래 매니저,
2025-07-14,https://cafe.naver.com/feko/9690698,0,0,,차예나 매니저,1
2025-07-14,https://cafe.naver.com/feko/9690502,2,162,복코와 낮은코 때문에 수술받은지 2달차,차예나 매니저,1
2025-07-11,https://sungyesa.com/new/d04/309281,,,얼지흡 실리프팅 받았는데 회복 다 된거 같아,"문나래 매니저,문나래 매니저",
2025-07-11,https://cafe.naver.com/feko/9684551,18,357,넓었던 이마 축소했어요!!,문나래 매니저,7
2025-07-10,https://sungyesa.com/new/d04/309224,,,이마축소 했오,"문나래 매니저,문나래 매니저",
2025-07-10,https://cafe.naver.com/feko/9681782,2,53,눈 상담 받아보니까 정확하게 알수있더라구요!,김채운 매니저,
2025-07-10,https://cafe.naver.com/fox5282/4262985,2,159,이마축소 히트성형외과 상담 후기,문나래 매니저,1
2025-07-10,https://cafe.naver.com/feko/9680933,5,268,내시경이마거상 1주일차 후기,차예나 매니저,1
2025-07-10,https://cafe.naver.com/feko/9680119,5,249,히트 얼굴지방흡입 사진후기요~,문나래 매니저,1
2025-07-09,https://sungyesa.com/new/d03/694589,,,눈재수술 하고 엄청 또렷해졌어요,"문나래 매니저,문나래 매니저",
2025-07-09,https://cafe.naver.com/feko/9676249,3,268,내시경이마거상 수술받은지 2주 됐어요,차예나 매니저,
2025-07-09,https://cafe.naver.com/feko/9676113,6,283,이마축소 상담 받으러 히트 병원 다녀왔는데 놀랐어요,문나래 매니저,4
2025-07-09,https://cafe.naver.com/fox5282/4259356,0,0,,문나래 매니저,1
2025-07-08,https://sungyesa.com/new/b01/1190383,,,매부리복코 코수술햇어 어때보여,"문나래 매니저,문나래 매니저",
2025-07-08,https://cafe.naver.com/feko/9671869,2,164,코수술 1달차인데 저 코 어떤지 좀 봐주세요......,차예나 매니저,
2025-07-07,https://sungyesa.com/new/d04/308861,,,30 후반인데 내시경 이마거상+추미근절제 함!,"문나래 매니저,문나래 매니저",
2025-07-07,https://cafe.naver.com/feko/9667788,15,174,"신논현역 ㅎㅌ성형외과 이중턱+얼굴지방흡입, 실리프팅 상담 내용 공유합니다",문나래 매니저,4
2025-07-07,https://cafe.naver.com/feko/9666032,5,214,자연스러운 느낌 원했는데 딱 라인 잘됐어요!,김채운 매니저,1
2025-07-04,https://cafe.naver.com/feko/9660711,5,307,"히트성형외과에서 얼굴지방흡입 받은지 2주차 멍, 붓기 다 빠짐","문나래 매니저,문나래 매니저",
2025-07-04,https://sungyesa.com/new/b01/1189770,,,자연스럽게 코수술 했어 ㅎㅎ,"문나래 매니저,문나래 매니저",
2025-07-04,https://cafe.naver.com/feko/9660493,0,0,,차예나 매니저,2
2025-07-04,https://cafe.naver.com/feko/9660103,4,112,눈재수술 붓기 첫수술보다 없는데요!?,김채운 매니저,1
2025-07-03,https://sungyesa.com/new/d04/308588,,,이마축소 전이랑 후 오때 ㅎㅎ,"문나래 매니저,문나래 매니저",
2025-07-03,https://cafe.naver.com/feko/9656586,8,459,내시경이마거상 2주차 느낀점 상태 등 찐후기 공유,차예나 매니저,3
2025-07-03,https://cafe.naver.com/feko/9655979,7,559,히트에서 이마축소 수술 받은지 한달됐어요!,문나래 매니저,2
2025-07-02,https://sungyesa.com/new/b01/1189431,,,"필러+하이코 제거, 기증늑 코수술","문나래 매니저,문나래 매니저",
2025-07-02,https://cafe.naver.com/feko/9651319,5,267,눈재수술 부분절개+눈매교정으로 수술받은 후기,차예나 매니저,1
2025-07-02,https://cafe.naver.com/feko/9649668,0,0,,문나래 매니저,3
2025-07-01,https://cafe.naver.com/feko/9646495,4,317,저 코 진짜 잘된거같아요,차예나 매니저,
